id,session_id,event_id,detected_at,predicted_state,confidence,bbox,tts_emitted,processing_time_ms,detection_time_ms,analysis_time_ms,tts_request_time_ms,latency_ms,frame_b64,real_state,alerta_correcta
"dea0a847-616a-583f-91da-4c44ef35add6,3be93189-ba32-59ef-8f4a-a9120284cfeb,1,2026-06-22T10:05:06.981,red,0.7568,""[508,63,26,63]"",True,163.44,128.83,34.61,200.85,458.48,_FRAME_859cb6d5-760d-5caf-81b5-34c6d10d08d1,red,True"
"063474b2-0bb4-524a-b5a3-3428702da556,3be93189-ba32-59ef-8f4a-a9120284cfeb,2,2026-06-22T10:05:22.031,red,0.7533,""[560,387,31,67]"",False,100.59,84.54,16.05,131.68,,_FRAME_8d959d22-2ba1-54e9-b29f-585645957922,red,"
"7b4e59f3-54d6-584c-949c-1c0f0d1b501e,3be93189-ba32-59ef-8f4a-a9120284cfeb,3,2026-06-22T10:05:36.650,green,0.7559,""[519,123,43,129]"",True,208.12,175.76,32.36,274.65,461.61,_FRAME_3dac34ad-2b3f-5a07-967e-7c33e80a76fa,green,True"
"c28feaa7-04db-5a66-9bb9-3af0ae9bd8c7,3be93189-ba32-59ef-8f4a-a9120284cfeb,4,2026-06-22T10:05:54.405,green,0.8157,""[401,109,30,151]"",True,135.27,122.71,12.57,146.06,464.04,_FRAME_3dcda0b8-0c06-5456-97dd-f9c25e027229,green,True"
"e0943652-3ca2-5a5b-829a-97e62f6247d7,3be93189-ba32-59ef-8f4a-a9120284cfeb,5,2026-06-22T10:06:09.647,red,0.6564,""[4,301,38,70]"",True,184.48,165.19,19.28,224.37,510.35,_FRAME_4ecf1f20-d9bf-5f5e-9dd2-f69138e56a96,green,False"
"aa2925d7-1c87-59e0-8519-d8525f0bb4fb,3be93189-ba32-59ef-8f4a-a9120284cfeb,6,2026-06-22T10:06:25.314,yellow,0.9059,""[559,101,37,67]"",True,170.27,148.12,22.15,268.45,498.09,_FRAME_19952c2d-923e-5f1c-b8cb-a68191557454,yellow,True"
"3b6d0072-eb3d-53db-96d1-b4f8be9307b8,3be93189-ba32-59ef-8f4a-a9120284cfeb,7,2026-06-22T10:06:41.095,red,0.8923,""[265,200,36,99]"",True,170.88,140.11,30.77,196.95,417.64,_FRAME_ace8dfe0-f964-5cf0-99e9-68e691a6a6ea,red,True"
"72f6a3bd-7adf-5b57-bb06-380988a527c3,3be93189-ba32-59ef-8f4a-a9120284cfeb,8,2026-06-22T10:06:59.652,green,0.8841,""[25,10,52,77]"",True,148.05,127.1,20.95,201.8,467.68,_FRAME_d51e4d62-70a2-5995-8a88-f480dd637cf0,green,True"
"7a670220-9091-5c8d-89d4-fa4e61a3e42c,3be93189-ba32-59ef-8f4a-a9120284cfeb,9,2026-06-22T10:07:16.103,green,0.9094,""[498,333,64,126]"",False,61.4,56.98,4.42,73.25,,_FRAME_c54eb0af-08b6-50f4-9e74-7dcfc9b996f2,green,"
"688b19a1-b588-5678-9b3a-ec3a6c3870fb,3be93189-ba32-59ef-8f4a-a9120284cfeb,10,2026-06-22T10:07:33.008,green,0.7375,""[112,19,37,58]"",False,139.11,124.53,14.58,166.21,,_FRAME_572fcf23-16d1-5a99-8b5e-27669e39e984,green,"
"1ada22e4-8e3b-5b34-9316-8537018220b1,3be93189-ba32-59ef-8f4a-a9120284cfeb,11,2026-06-22T10:07:51.907,green,0.9151,""[54,131,28,138]"",False,192.15,167.62,24.52,233.11,,_FRAME_c509f9e5-ddaa-5140-b823-2c9f2ca307b8,green,"
"a30678c4-b16f-5453-bf00-e376d36e663a,3be93189-ba32-59ef-8f4a-a9120284cfeb,12,2026-06-22T10:08:09.954,yellow,0.9034,""[569,288,37,51]"",True,92.07,86.76,5.31,183.89,431.43,_FRAME_6c841685-2cd2-5e31-82b6-2d7fef4021c2,yellow,True"
"26ea5f5c-bdd1-5466-976d-b264adc69ce2,3be93189-ba32-59ef-8f4a-a9120284cfeb,13,2026-06-22T10:08:25.327,red,0.8149,""[504,272,51,146]"",True,82.66,74.54,8.12,99.86,505.3,_FRAME_20568a23-7c20-54f1-8718-398f717e89d9,red,True"
"00997389-e774-5257-8ca4-db86fadd7cee,3be93189-ba32-59ef-8f4a-a9120284cfeb,14,2026-06-22T10:08:43.134,red,0.7346,""[197,164,36,83]"",False,148.88,125.33,23.55,154.98,,_FRAME_f1386cb1-601e-5f82-9691-601a98f2aca8,red,"
"14795d84-9587-519b-a15b-e2dd06341a00,3be93189-ba32-59ef-8f4a-a9120284cfeb,15,2026-06-22T10:08:57.412,green,0.8591,""[465,169,21,79]"",True,155.18,131.24,23.94,212.45,1246.16,_FRAME_61de32aa-38a6-5939-a1d4-62af402b5887,green,True"
"c7824380-a0dc-5421-a64b-bfd1d8c6d1f6,3be93189-ba32-59ef-8f4a-a9120284cfeb,16,2026-06-22T10:09:10.117,yellow,0.8422,""[455,81,19,157]"",True,232.62,202.85,29.77,271.14,455.16,_FRAME_faa8ebb3-7e66-541d-98fa-b2b9ad8ed7dc,yellow,True"
"f8e66556-0bb9-517a-9e4b-ff9410d38c4c,3be93189-ba32-59ef-8f4a-a9120284cfeb,17,2026-06-22T10:09:30.512,red,0.9095,""[224,95,32,51]"",True,108.84,89.49,19.35,163.05,419.63,_FRAME_9392a137-e4c8-5790-9b6c-ca5544cf71da,red,True"
"930a94a6-aff7-5b1c-9664-850352ba671d,3be93189-ba32-59ef-8f4a-a9120284cfeb,18,2026-06-22T10:09:53.108,red,0.8613,""[227,207,59,124]"",True,74.44,69.73,4.71,153.39,344.31,_FRAME_e61cd3c5-25a5-583a-aaa5-0094e9b18151,red,True"
"fdfe4254-50ab-5a35-bbad-b4c2e09b577f,3be93189-ba32-59ef-8f4a-a9120284cfeb,19,2026-06-22T10:10:04.797,red,0.9399,""[346,320,38,118]"",False,113.86,83.03,30.83,143.33,,_FRAME_062913aa-95d1-5eae-81b8-de6f242dfd96,red,"
"9b5519a4-8c89-52e9-86d4-e3d90392563a,3be93189-ba32-59ef-8f4a-a9120284cfeb,20,2026-06-22T10:10:26.994,red,0.7901,""[206,314,19,79]"",False,270.61,259.85,10.75,285.49,,_FRAME_129a3ce7-3ea4-5159-9482-eb5d9b2b35a5,red,"
"609c5c40-c230-57b2-b75c-894560181819,3be93189-ba32-59ef-8f4a-a9120284cfeb,21,2026-06-22T10:10:45.711,yellow,0.7457,""[108,47,25,93]"",True,63.09,56.32,6.77,165.29,429.6,_FRAME_3a729e1a-bf36-583a-8694-e47c8bedbb56,yellow,True"
"af0788ee-ed78-5077-9b03-4d3f686aa8f0,3be93189-ba32-59ef-8f4a-a9120284cfeb,22,2026-06-22T10:10:58.067,red,0.7376,""[180,321,27,108]"",True,110.48,105.51,4.97,161.7,434.19,_FRAME_ec437d6f-e7b3-500c-8148-e205bc62dea1,red,True"
"cb169c60-4f2c-5e82-a6b7-853cc2a3686f,3be93189-ba32-59ef-8f4a-a9120284cfeb,23,2026-06-22T10:11:13.082,red,0.8743,""[217,305,24,156]"",False,92.8,65.63,27.16,123.79,,_FRAME_eaf8cd58-0515-5c20-84f4-879d0d9479ef,red,"
"184c6b60-5ffb-5222-a3de-0833adedfb11,3be93189-ba32-59ef-8f4a-a9120284cfeb,24,2026-06-22T10:11:25.355,green,0.911,""[297,20,31,161]"",True,107.4,89.92,17.48,189.53,479.5,_FRAME_54f66570-51e9-52e9-b9ed-58c942cb1ba0,green,True"
"998b02cd-fcc2-55b0-968a-9ddc28f31bc1,3be93189-ba32-59ef-8f4a-a9120284cfeb,25,2026-06-22T10:11:47.050,green,0.7265,""[458,128,59,60]"",False,189.41,170.2,19.21,221.64,,_FRAME_f69d79c0-d4a3-50fe-8030-fd9e6bafd40d,green,"
"3d3b7876-1e18-500f-a97a-cadfe7fd7f1e,3be93189-ba32-59ef-8f4a-a9120284cfeb,26,2026-06-22T10:11:59.223,red,0.5023,""[37,188,31,85]"",False,199.38,181.87,17.51,230.41,,_FRAME_55d7f810-0230-5c43-9432-22ccdb7e5a34,green,"
"65755533-0e6b-525f-98b5-6505798f882b,3be93189-ba32-59ef-8f4a-a9120284cfeb,27,2026-06-22T10:12:20.950,green,0.7521,""[177,90,61,80]"",False,181.19,148.31,32.88,221.94,,_FRAME_f036a0aa-c366-5408-91d6-90720d1a5f45,green,"
"c6e297f8-6f46-5232-a5a7-3a877c96e9b7,3be93189-ba32-59ef-8f4a-a9120284cfeb,28,2026-06-22T10:12:37.978,green,0.8149,""[389,44,34,147]"",False,131.64,103.94,27.7,171.71,,_FRAME_2c429b96-bf05-5b21-8734-71736e366143,green,"
"3d16e32c-d20f-5af8-a4d5-54f303010cb2,3be93189-ba32-59ef-8f4a-a9120284cfeb,29,2026-06-22T10:12:55.564,red,0.811,""[123,135,44,74]"",True,129.23,110.0,19.23,163.06,655.58,_FRAME_b041837a-ca2e-5267-a257-1eec7521893c,red,True"
"3ad94d6b-baa7-519e-82c4-40e80d26ec91,3be93189-ba32-59ef-8f4a-a9120284cfeb,30,2026-06-22T10:13:11.558,red,0.8515,""[101,155,52,104]"",False,208.89,186.25,22.65,244.95,,_FRAME_6c66c5bf-348c-53bd-9aed-330cac8faabb,red,"
"f87cd927-5a31-5770-9807-0841e44f1fb5,3be93189-ba32-59ef-8f4a-a9120284cfeb,31,2026-06-22T10:13:29.174,red,0.9543,""[595,0,31,98]"",False,140.65,122.35,18.3,177.0,,_FRAME_a12efbb7-96db-524d-a7a2-fdc8d52d54f4,red,"
"13aa369a-ac96-595b-8184-424d9d4f792b,3be93189-ba32-59ef-8f4a-a9120284cfeb,32,2026-06-22T10:13:40.308,green,0.6698,""[59,123,24,60]"",False,93.93,67.64,26.28,116.47,,_FRAME_f039040c-d3d8-51c2-9a7d-c5106657d9eb,red,"
"dc91b5cc-92ab-5e3a-86ac-6b459f226695,3be93189-ba32-59ef-8f4a-a9120284cfeb,33,2026-06-22T10:14:01.448,yellow,0.8825,""[462,161,57,140]"",True,128.06,118.77,9.29,219.91,1114.37,_FRAME_f7709d62-983e-5501-86ea-2a4e78fd3d96,yellow,True"
"ba28abfd-4fb9-5e13-9eca-3c9f6c6a430c,3be93189-ba32-59ef-8f4a-a9120284cfeb,34,2026-06-22T10:14:19.467,red,0.7625,""[31,261,23,64]"",False,133.97,109.62,24.35,167.47,,_FRAME_b7f7da46-4da0-5a68-8290-ee71beea1b4e,red,"
"3ce8c7dc-c226-5305-8cf0-7ba30ac1b5e5,3be93189-ba32-59ef-8f4a-a9120284cfeb,35,2026-06-22T10:14:39.301,red,0.8143,""[129,189,54,106]"",False,161.12,139.85,21.27,202.23,,_FRAME_31a0c5c1-62c7-5c8e-9c39-aed56af82c3e,red,"
"87aae973-518c-584f-a4fe-12ea8c913859,3be93189-ba32-59ef-8f4a-a9120284cfeb,36,2026-06-22T10:14:50.290,red,0.9612,""[130,225,34,103]"",False,193.5,158.77,34.72,197.87,,_FRAME_cf5fe8ee-74e7-5269-b4b5-aa632d231a8c,red,"
"aefd662a-3e39-518e-85a2-332991260dc2,3be93189-ba32-59ef-8f4a-a9120284cfeb,37,2026-06-22T10:15:06.615,red,0.8661,""[566,148,35,152]"",False,72.82,58.31,14.51,77.51,,_FRAME_8f5a35f4-e01a-51d2-9b60-b89561ebb61c,red,"
"557b4c0c-ab49-55df-9681-a39fe2473a1f,3be93189-ba32-59ef-8f4a-a9120284cfeb,38,2026-06-22T10:15:28.223,red,0.7229,""[153,134,21,140]"",False,96.86,69.95,26.9,125.55,,_FRAME_4f1e96e4-cdc8-5979-8533-9c0a5c64b740,red,"
"3561676a-d513-5276-b724-f33d98058b52,3be93189-ba32-59ef-8f4a-a9120284cfeb,39,2026-06-22T10:15:42.434,red,0.7773,""[279,276,32,62]"",True,215.83,182.15,33.68,273.36,445.13,_FRAME_bf6a171f-2612-5a05-87db-c2ba29c77948,red,True"
"76018af9-a3b1-5eae-b5c2-415d62481c7b,3be93189-ba32-59ef-8f4a-a9120284cfeb,40,2026-06-22T10:16:02.142,no_traffic_light,0.5001,""[281,168,25,107]"",False,109.8,96.25,13.55,133.43,,_FRAME_7fc9cac9-30b3-55c0-9ec8-9fc323205b51,green,"
"3b7486ba-408f-54d4-902d-043d38f75a95,3be93189-ba32-59ef-8f4a-a9120284cfeb,41,2026-06-22T10:16:16.017,green,0.8067,""[413,219,57,139]"",False,197.75,192.07,5.68,210.18,,_FRAME_69b42c8c-6eb5-50b8-af7a-f0973b93f935,green,"
"d1475a97-9a73-58fd-bb75-881da439ef43,3be93189-ba32-59ef-8f4a-a9120284cfeb,42,2026-06-22T10:16:27.336,green,0.9425,""[29,262,57,98]"",True,85.84,81.92,3.92,175.82,452.27,_FRAME_adb838f6-9ffd-5288-a633-eb6f9bee3667,green,True"
"515087eb-8440-5d58-920c-671cf9b2078a,3be93189-ba32-59ef-8f4a-a9120284cfeb,43,2026-06-22T10:16:45.340,green,0.7876,""[307,13,61,157]"",True,155.94,132.12,23.83,236.85,427.95,_FRAME_9223b1f7-bf0b-5652-a0dc-23fecf5ec12b,green,True"
"9043dd85-d943-5f9b-9da8-f94e2e70c078,3be93189-ba32-59ef-8f4a-a9120284cfeb,44,2026-06-22T10:17:05.496,yellow,0.8846,""[313,400,47,50]"",True,130.97,106.92,24.05,146.51,621.51,_FRAME_5ac14975-d73f-5a80-b753-0beac648c208,yellow,True"
"fe5e9180-e6f8-597c-9fa6-216feac50b97,3be93189-ba32-59ef-8f4a-a9120284cfeb,45,2026-06-22T10:17:22.910,red,0.9253,""[69,229,61,96]"",True,130.17,98.3,31.87,225.45,397.79,_FRAME_2ff64cd7-01f1-5da5-9025-a22cd65dbbce,red,True"
"22d94364-7e85-58ab-a986-6400f900da83,3be93189-ba32-59ef-8f4a-a9120284cfeb,46,2026-06-22T10:17:42.206,red,0.862,""[469,172,55,80]"",False,112.03,84.1,27.93,154.07,,_FRAME_3a3ffece-b35b-5319-b4d2-b8540f13e4a4,red,"
"31326fc7-4e26-5e53-a815-986102f9941b,3be93189-ba32-59ef-8f4a-a9120284cfeb,47,2026-06-22T10:17:56.673,red,0.9009,""[187,142,53,106]"",False,221.11,205.14,15.97,254.93,,_FRAME_8a04f208-e025-574b-a536-8b9b75119248,red,"
"4c12f5c9-3ff9-5521-b0ca-30faba07ba76,3be93189-ba32-59ef-8f4a-a9120284cfeb,48,2026-06-22T10:18:15.435,red,0.9106,""[501,1,52,123]"",False,225.8,209.38,16.41,234.67,,_FRAME_aaee9a70-7d9d-567b-9256-823b331c02ec,red,"
"b50d77ac-5a22-522d-8afa-bebad3a6c202,3be93189-ba32-59ef-8f4a-a9120284cfeb,49,2026-06-22T10:18:22.675,yellow,0.7564,""[370,188,64,109]"",True,138.22,114.52,23.69,148.04,420.91,_FRAME_5b1a54a4-a451-536d-ae93-8e1922a83a7e,yellow,True"
"7913658f-0438-5fe3-8f78-387aea86640c,3be93189-ba32-59ef-8f4a-a9120284cfeb,50,2026-06-22T10:18:46.341,red,0.8691,""[380,344,64,66]"",True,194.91,168.16,26.74,258.42,614.2,_FRAME_fb68504c-3101-5ba7-b38a-fbe8486a8170,red,True"
"d179fd8f-f5b3-5997-9713-73cf43fb7611,3be93189-ba32-59ef-8f4a-a9120284cfeb,51,2026-06-22T10:19:04.090,red,0.9602,""[260,94,61,72]"",False,128.06,113.41,14.65,160.85,,_FRAME_436238ba-0f7a-56d1-abfb-2a7c39d7944b,red,"
"450c3633-2440-52f2-bc21-f85b37bc273b,3be93189-ba32-59ef-8f4a-a9120284cfeb,52,2026-06-22T10:19:22.604,red,0.8331,""[312,119,64,149]"",True,129.98,125.96,4.02,159.9,587.48,_FRAME_a750887e-92cd-5c2f-b8ba-231e6f0f259e,red,True"
"b984c327-7eeb-5c04-9552-68cc3354badb,3be93189-ba32-59ef-8f4a-a9120284cfeb,53,2026-06-22T10:19:37.771,green,0.7324,""[436,232,43,137]"",True,197.32,190.42,6.9,302.52,412.65,_FRAME_59118c17-309c-5a3e-a381-b07fcd67db4d,red,False"
"87d6ec4e-7c39-51e2-96b5-3b65ce980554,3be93189-ba32-59ef-8f4a-a9120284cfeb,54,2026-06-22T10:19:52.702,red,0.8456,""[68,233,32,75]"",False,199.63,171.64,27.99,227.41,,_FRAME_16af2a06-149f-5390-9dd2-2a6204db2e9a,red,"
"c83c5f7a-15a3-5e3d-a903-612ac153ec0c,3be93189-ba32-59ef-8f4a-a9120284cfeb,55,2026-06-22T10:20:14.466,green,0.6364,""[331,53,46,92]"",False,218.85,204.42,14.43,238.39,,_FRAME_b53827c2-7415-5870-8311-69ba2c68f4c9,red,"
"aff8ad0d-d2bc-5713-aed3-d804133994af,3be93189-ba32-59ef-8f4a-a9120284cfeb,56,2026-06-22T10:20:28.577,red,0.8451,""[153,378,33,60]"",True,171.38,160.95,10.42,214.92,470.84,_FRAME_0693dde1-25a4-5c59-8692-dd56d38854b7,red,True"
"d9f83468-19ca-5ac7-8a14-7e87fec5b4ce,3be93189-ba32-59ef-8f4a-a9120284cfeb,57,2026-06-22T10:20:39.445,red,0.815,""[165,328,38,78]"",True,202.42,168.23,34.19,314.3,612.06,_FRAME_291a4a11-17f4-52a2-bf51-852d6fd12726,red,True"
"b8ce1291-236a-5872-b7f7-ed084d3ab533,3be93189-ba32-59ef-8f4a-a9120284cfeb,58,2026-06-22T10:20:56.689,red,0.9025,""[168,367,56,70]"",True,166.86,145.71,21.16,266.72,429.09,_FRAME_adab04e3-2e4d-5e97-9b13-79149ba9e8e2,red,True"
"797d2611-42a5-56bf-b040-39ae371679fd,3be93189-ba32-59ef-8f4a-a9120284cfeb,59,2026-06-22T10:21:15.903,red,0.8239,""[189,291,63,75]"",False,157.68,155.33,2.35,196.12,,_FRAME_31867391-f36d-58d0-a7f5-58584ff3d452,red,"
"f24b324f-2439-5808-bf53-b8f9bfdf12b1,3be93189-ba32-59ef-8f4a-a9120284cfeb,60,2026-06-22T10:21:36.605,red,0.9467,""[61,106,65,85]"",False,67.05,62.65,4.4,90.06,,_FRAME_7bf2e02e-0c4d-5d9b-b97a-a05e7dcfabbd,red,"
"d10b9df8-4b2e-5703-a8a1-b6f2d552b535,3be93189-ba32-59ef-8f4a-a9120284cfeb,61,2026-06-22T10:21:50.361,red,0.86,""[420,356,33,92]"",False,146.22,141.73,4.49,156.87,,_FRAME_f7275a36-2d3b-5f1c-8d8d-f3bc6e04a146,red,"
"5ff6d38b-7edc-5cca-861e-590989c52bbb,3be93189-ba32-59ef-8f4a-a9120284cfeb,62,2026-06-22T10:22:02.545,red,0.843,""[516,207,48,63]"",False,96.68,62.84,33.84,130.12,,_FRAME_29c3f0fa-de0a-5ae1-af28-9028ac089f32,red,"
"f165df1e-369a-5c8c-9c09-ade56a48db31,3be93189-ba32-59ef-8f4a-a9120284cfeb,63,2026-06-22T10:22:26.703,red,0.9662,""[168,160,45,157]"",False,124.04,111.65,12.39,149.17,,_FRAME_7a08e939-cd08-578c-9445-fe7fc8f6deef,red,"
"eb96c9b1-fff5-5861-b421-338a1e2a5a9a,3be93189-ba32-59ef-8f4a-a9120284cfeb,64,2026-06-22T10:22:44.527,red,0.8153,""[502,280,59,166]"",False,172.01,149.12,22.9,214.67,,_FRAME_21527136-6604-5363-bb63-240328d675dd,red,"
"74067723-c2fb-5eb3-ad3c-9cf5dc6168f8,3be93189-ba32-59ef-8f4a-a9120284cfeb,65,2026-06-22T10:22:58.346,red,0.7424,""[113,248,35,81]"",False,120.74,105.15,15.59,145.35,,_FRAME_34141763-4a9d-54cd-b7ab-63c44040b985,red,"
"0becef60-7732-5869-947b-019dd97af3ff,3be93189-ba32-59ef-8f4a-a9120284cfeb,66,2026-06-22T10:23:14.916,red,0.8278,""[53,66,22,113]"",False,341.73,312.63,29.1,381.79,,_FRAME_4d6077d3-d8b6-5b57-b2c6-1f77a152d651,red,"
"186eee23-08d9-54a0-9a7e-b531dfcb4e18,3be93189-ba32-59ef-8f4a-a9120284cfeb,67,2026-06-22T10:23:30.295,green,0.7242,""[14,194,52,63]"",True,106.73,86.01,20.72,118.64,457.46,_FRAME_d72c5a20-5c45-52c5-8920-df20d6a184fd,green,True"
"2d5aebe7-2793-593a-a12f-8c968daeb4e4,3be93189-ba32-59ef-8f4a-a9120284cfeb,68,2026-06-22T10:23:44.534,green,0.9225,""[424,131,37,85]"",True,110.19,99.78,10.41,202.63,,_FRAME_39bd4069-1afc-5a1f-ae82-7c0acac60a37,green,True"
"f0d40dd9-bec1-581d-aa19-ae7503ee40de,3be93189-ba32-59ef-8f4a-a9120284cfeb,69,2026-06-22T10:24:12.572,red,0.4569,""[255,234,42,82]"",False,150.47,123.33,27.14,162.1,,_FRAME_10ed1bfb-b450-5dd9-bba6-aa986c0de26d,green,"
"0ecd80ce-56ee-555f-9d31-6dc6a974d11c,3be93189-ba32-59ef-8f4a-a9120284cfeb,70,2026-06-22T10:24:20.646,green,0.9624,""[588,44,39,143]"",False,155.93,129.5,26.42,164.78,,_FRAME_a7648851-524d-5758-917a-0aeb42647c2c,green,"
"606622b2-cf44-5f06-81bd-b382e11bba59,3be93189-ba32-59ef-8f4a-a9120284cfeb,71,2026-06-22T10:24:42.217,green,0.848,""[66,361,21,99]"",False,179.52,152.87,26.65,220.17,,_FRAME_6e9c6c21-66f8-5e98-b97d-f3cd71233078,green,"
"b55f95af-76eb-590c-8f4a-9aad4c48106d,3be93189-ba32-59ef-8f4a-a9120284cfeb,72,2026-06-22T10:24:56.236,green,0.7321,""[453,328,21,116]"",False,169.53,152.74,16.78,185.8,,_FRAME_d86e4d8e-4388-5dd9-a348-57156bed69a4,green,"
"42189828-eb38-5f48-ba9e-fad2371b2aaf,3be93189-ba32-59ef-8f4a-a9120284cfeb,73,2026-06-22T10:25:16.469,green,0.9245,""[118,57,63,133]"",False,75.36,72.97,2.39,82.5,,_FRAME_5cbb601a-c160-5e57-bef7-cc2152bee88f,green,"
"07db7329-f491-5230-8c54-8baaaf3201bf,3be93189-ba32-59ef-8f4a-a9120284cfeb,74,2026-06-22T10:25:28.528,green,0.8525,""[212,274,21,47]"",False,100.79,89.14,11.65,136.08,,_FRAME_0971f366-9c07-521a-9f53-8f63a9c94cac,green,"
"d82fe8a5-7ccd-546a-a5cb-3b1880624889,3be93189-ba32-59ef-8f4a-a9120284cfeb,75,2026-06-22T10:25:43.892,green,0.8073,""[524,44,39,76]"",False,159.28,149.77,9.52,180.42,,_FRAME_bf0be2a8-c706-528f-b3cf-00e0a46cb624,green,"
"32c27b09-90db-526c-abe0-f135b2bff2cc,3be93189-ba32-59ef-8f4a-a9120284cfeb,76,2026-06-22T10:26:03.149,green,0.9443,""[295,307,41,149]"",False,161.68,150.71,10.97,169.11,,_FRAME_7aa1fb50-5dfc-5c0c-a181-f3df1c27323f,green,"
"ba05d95c-5997-5083-bc60-f743b908059f,3be93189-ba32-59ef-8f4a-a9120284cfeb,77,2026-06-22T10:26:25.305,green,0.7351,""[574,19,45,97]"",False,75.44,57.3,18.14,83.03,,_FRAME_17cffd54-9ce4-533e-bf5d-48b11e2ec56d,green,"
"cb21c9a5-ce56-5d73-ad56-def2f87b354e,3be93189-ba32-59ef-8f4a-a9120284cfeb,78,2026-06-22T10:26:34.694,green,0.8393,""[130,256,35,167]"",False,137.12,118.77,18.35,143.67,,_FRAME_3209e952-0f71-5766-976a-e1144f7bb16d,green,"
"57a5241b-b985-527d-9ea0-fcac5080523d,3be93189-ba32-59ef-8f4a-a9120284cfeb,79,2026-06-22T10:26:48.235,red,0.7077,""[188,160,65,146]"",False,125.55,116.24,9.31,132.48,,_FRAME_16a3208c-1ee0-546c-9da7-2500c89af71b,green,"
"5a49e0f5-e257-54fd-992e-f74e408133d8,3be93189-ba32-59ef-8f4a-a9120284cfeb,80,2026-06-22T10:27:14.084,green,0.862,""[27,121,61,155]"",False,170.62,152.09,18.53,185.97,,_FRAME_0836fdc2-628b-5c7f-88f7-f7dc69770253,green,"
"87550d6a-136f-5eb2-9bf6-de2553034a6e,3be93189-ba32-59ef-8f4a-a9120284cfeb,81,2026-06-22T10:27:26.792,yellow,0.5407,""[273,258,29,56]"",True,155.56,126.5,29.06,233.93,424.87,_FRAME_4d200248-79e9-5093-9438-45ac9d5e06ca,none,False"
"fb2e7afc-ab9e-5471-9e20-6adb875f0cef,3be93189-ba32-59ef-8f4a-a9120284cfeb,82,2026-06-22T10:27:47.775,red,0.8925,""[92,334,64,71]"",True,157.79,138.26,19.53,196.06,352.58,_FRAME_c68ee5a4-ef7e-53f5-8bbf-a43b8cc55b76,red,True"
"f529818b-dc47-5dab-a3da-3e65ab60114b,3be93189-ba32-59ef-8f4a-a9120284cfeb,83,2026-06-22T10:27:59.310,red,0.881,""[427,263,31,62]"",False,196.61,177.22,19.39,231.71,,_FRAME_e79d2cda-7f11-59a5-b369-17854fa25515,red,"
"085a9f41-3d98-5d5d-adba-d0adee7584be,3be93189-ba32-59ef-8f4a-a9120284cfeb,84,2026-06-22T10:28:19.507,green,0.9178,""[60,359,46,51]"",True,94.07,76.83,17.23,178.48,531.38,_FRAME_a29c11e9-057d-586b-aaf4-cb9335863e90,green,True"
"6464523a-df06-5cb9-9896-6eb56c6c0ebd,3be93189-ba32-59ef-8f4a-a9120284cfeb,85,2026-06-22T10:28:35.549,green,0.845,""[429,194,48,133]"",False,212.15,203.26,8.89,254.71,,_FRAME_8b59ec08-dac1-5549-902e-1ffca6deba02,green,"
"52d14d8b-764b-5c8d-8e0b-dda7afb70be4,3be93189-ba32-59ef-8f4a-a9120284cfeb,86,2026-06-22T10:28:56.455,green,0.9631,""[366,114,50,53]"",True,156.78,143.77,13.01,263.76,360.01,_FRAME_7e93f8ef-abd9-5b6d-86fe-1deefd966e66,green,True"
"8c84a90e-3c43-597f-8658-86d7baf1f400,3be93189-ba32-59ef-8f4a-a9120284cfeb,87,2026-06-22T10:29:03.881,green,0.9053,""[91,193,55,65]"",True,153.13,140.74,12.39,253.47,488.36,_FRAME_eb2ca010-6760-5efa-8a07-41c72ab883b3,green,True"
"aca4a81c-ac68-5d99-912d-670894802331,3be93189-ba32-59ef-8f4a-a9120284cfeb,88,2026-06-22T10:29:24.844,red,0.8855,""[617,371,21,83]"",True,183.05,160.2,22.84,234.84,392.64,_FRAME_4c79feab-54e0-52c3-aa82-be6ca612e39d,red,True"
"83cc5a2d-965c-5745-bd17-87e999b7221a,3be93189-ba32-59ef-8f4a-a9120284cfeb,89,2026-06-22T10:29:50.234,green,0.838,""[557,235,33,89]"",True,311.84,283.69,28.14,403.66,434.49,_FRAME_f84d84fd-1941-55aa-9090-a3db230d8d58,green,True"
"cd3b7096-eadf-5289-8cd7-db841a4e15b8,3be93189-ba32-59ef-8f4a-a9120284cfeb,90,2026-06-22T10:29:59.906,green,0.8632,""[223,17,32,139]"",False,140.62,130.46,10.16,176.47,,_FRAME_5cc05ed7-5d4e-5295-8731-ee10d9f685d6,green,"
"55523115-eaa6-5173-b340-3d62a1138800,3be93189-ba32-59ef-8f4a-a9120284cfeb,91,2026-06-22T10:30:16.982,green,0.8483,""[314,277,35,155]"",True,120.17,88.93,31.24,128.54,1213.7,_FRAME_4999cbd8-1d25-5225-825e-a2fb7a27a6bb,green,True"
"880abe92-819b-5711-b51a-b0e3d7c92f28,3be93189-ba32-59ef-8f4a-a9120284cfeb,92,2026-06-22T10:30:31.656,green,0.8674,""[559,91,52,144]"",True,321.13,308.18,12.95,378.64,519.06,_FRAME_09aad603-158e-53a5-b883-c6df3fd729b8,green,True"
"6d1a32c4-0816-5ad8-841b-9154b84e74e5,3be93189-ba32-59ef-8f4a-a9120284cfeb,93,2026-06-22T10:30:46.458,green,0.7994,""[497,278,47,133]"",False,220.36,194.08,26.28,239.51,,_FRAME_e864eb65-31b5-5aad-b89d-04c833595020,green,"
"2fd7007d-e003-5344-aaac-138dbaa08602,3be93189-ba32-59ef-8f4a-a9120284cfeb,94,2026-06-22T10:31:06.716,green,0.9008,""[364,283,51,144]"",False,76.42,61.14,15.28,119.25,,_FRAME_e30a73e8-a8ce-5f31-8b4b-22567ee23e0e,green,"
"a74ebacd-20b9-5c4f-8b35-efbdec3559fc,3be93189-ba32-59ef-8f4a-a9120284cfeb,95,2026-06-22T10:31:21.630,green,0.9379,""[465,380,56,87]"",False,208.92,181.61,27.3,223.11,,_FRAME_e678473a-494f-53ff-bb89-b7161172db55,green,"
"fdbe04b2-a32e-51e2-a8c1-e4babc496bee,3be93189-ba32-59ef-8f4a-a9120284cfeb,96,2026-06-22T10:31:40.997,green,0.7778,""[246,142,62,88]"",False,75.38,58.39,17.0,90.78,,_FRAME_2767042d-6792-5f95-82de-71147e41e5d5,green,"
"4258132c-87ec-5970-9859-c7b9d945def7,3be93189-ba32-59ef-8f4a-a9120284cfeb,97,2026-06-22T10:31:54.616,yellow,0.7747,""[13,139,23,46]"",True,68.59,64.64,3.95,116.61,392.67,_FRAME_6c4fee19-4154-5145-80f1-28bb1719ca46,yellow,True"
"00326d58-2bfe-5559-82e8-4cd7c1ca46f2,3be93189-ba32-59ef-8f4a-a9120284cfeb,98,2026-06-22T10:32:18.585,green,0.7553,""[362,70,36,141]"",True,87.99,73.26,14.73,127.71,407.08,_FRAME_0825c4a1-cfb5-5db2-a766-44c5039132b7,red,False"
"bfe87cdf-7593-59c3-9ab3-7ec1ae5c73b6,3be93189-ba32-59ef-8f4a-a9120284cfeb,99,2026-06-22T10:32:29.599,red,0.8184,""[556,193,22,141]"",False,169.57,167.01,2.56,170.32,,_FRAME_f2f22fb3-de46-5396-8156-51fc373733c2,red,"
"b762d601-33e7-51aa-a317-834aed2dec06,3be93189-ba32-59ef-8f4a-a9120284cfeb,100,2026-06-22T10:32:48.406,red,0.9633,""[74,234,36,150]"",True,137.55,127.42,10.13,222.87,460.28,_FRAME_5e7266cf-a9c3-5663-a351-27f4e6546238,red,True"
"ba8c244e-491a-5a38-94cd-580f1a77b984,3be93189-ba32-59ef-8f4a-a9120284cfeb,101,2026-06-22T10:33:00.946,red,0.9124,""[521,308,45,71]"",True,177.94,157.73,20.21,215.34,493.18,_FRAME_43c43215-e078-5f02-8c54-286eb30374c8,red,True"
"cf6b3e40-8a69-5f8f-b8d2-6954fb4ef821,3be93189-ba32-59ef-8f4a-a9120284cfeb,102,2026-06-22T10:33:16.461,red,0.9156,""[263,360,53,92]"",False,96.03,90.74,5.28,138.89,,_FRAME_61601e96-de95-5ac9-8996-fed75a24c0ad,red,"
"f3e9113d-9f2d-5aec-aff1-6c5a06c765bc,3be93189-ba32-59ef-8f4a-a9120284cfeb,103,2026-06-22T10:33:36.645,yellow,0.87,""[120,142,37,99]"",True,205.44,178.43,27.01,307.69,431.71,_FRAME_2dcd99ba-b76d-5432-931a-3845efe2a745,yellow,True"
"b184a13d-0b91-53a4-b48a-932fe55e2690,3be93189-ba32-59ef-8f4a-a9120284cfeb,104,2026-06-22T10:33:56.363,yellow,0.7725,""[105,339,19,49]"",False,179.84,145.77,34.06,199.4,,_FRAME_3fc733d8-d60c-5611-acb2-d6f965a08aaf,yellow,"
"d72dc785-4958-5e7c-8877-edd3652fa9d7,3be93189-ba32-59ef-8f4a-a9120284cfeb,105,2026-06-22T10:34:14.189,green,0.5463,""[535,110,23,131]"",False,210.05,184.8,25.25,252.74,,_FRAME_1259aa19-a31b-5b2b-8dbe-01fef1150a9d,none,"
"70c55c76-26a6-584b-9a6e-48044814473c,3be93189-ba32-59ef-8f4a-a9120284cfeb,106,2026-06-22T10:34:28.062,green,0.9652,""[521,288,65,133]"",False,230.39,204.81,25.59,233.28,,_FRAME_59656155-2cca-5d31-81aa-05221f61ad69,green,"
"24b23619-df87-5c16-8d9f-cfbc557d6472,3be93189-ba32-59ef-8f4a-a9120284cfeb,107,2026-06-22T10:34:42.588,green,0.7412,""[190,85,50,100]"",False,102.11,75.87,26.25,116.08,,_FRAME_ce8f5e9f-645d-5325-99a5-be95bf1528e0,green,"
"c5b11536-b445-5d14-9432-658c48ebc4b3,3be93189-ba32-59ef-8f4a-a9120284cfeb,108,2026-06-22T10:35:01.612,green,0.7753,""[483,233,64,129]"",False,212.27,182.71,29.57,236.67,,_FRAME_cf67ecc3-a10f-52b2-8545-af25463206c7,wrong,"
"8fa715f8-59f4-5ca1-9373-de85c2a0e594,3be93189-ba32-59ef-8f4a-a9120284cfeb,109,2026-06-22T10:35:19.159,red,0.8602,""[585,80,37,147]"",False,85.38,68.42,16.95,126.61,,_FRAME_89eb9262-08f1-5933-8c9c-ee14ddff9e7f,red,"
"acdc1a41-a6c8-512e-878a-4ca266611d58,3be93189-ba32-59ef-8f4a-a9120284cfeb,110,2026-06-22T10:35:34.943,red,0.7283,""[285,67,22,124]"",False,201.06,169.45,31.6,222.62,,_FRAME_a7547b26-4a40-55de-ba82-00c1e439eac2,red,"
"ba18bbd1-395e-56f2-a5b6-aacb767a47b7,3be93189-ba32-59ef-8f4a-a9120284cfeb,111,2026-06-22T10:35:58.044,red,0.9189,""[392,320,20,136]"",False,97.68,76.38,21.31,139.35,,_FRAME_68677ad4-3946-55ad-adb8-58a96e4610d6,red,"
"bffcb12a-5401-59e7-bbc0-0d492ab5dd43,3be93189-ba32-59ef-8f4a-a9120284cfeb,112,2026-06-22T10:36:11.976,red,0.663,""[445,301,23,153]"",False,419.69,411.56,8.13,423.35,,_FRAME_fc33e2a1-d9d3-5a22-a60e-80586e55b95f,none,"
"c26567cd-d6f6-5451-b77d-35bc9cc90269,3be93189-ba32-59ef-8f4a-a9120284cfeb,113,2026-06-22T10:36:23.477,red,0.7205,""[253,370,18,46]"",False,263.9,259.84,4.05,305.79,,_FRAME_3807884b-9f50-5bdb-ba0d-dc277997e140,red,"
"1e56308f-5dd3-5041-8135-09805e3c13d6,3be93189-ba32-59ef-8f4a-a9120284cfeb,114,2026-06-22T10:36:44.102,yellow,0.7307,""[385,248,37,84]"",False,144.47,134.87,9.6,147.34,,_FRAME_8b47a006-c92b-5b66-b32e-f3863267064e,yellow,"
"d223ba9d-a874-5eec-a6f8-fca21b1f2d42,3be93189-ba32-59ef-8f4a-a9120284cfeb,115,2026-06-22T10:37:01.527,red,0.6108,""[309,320,33,81]"",False,151.36,125.25,26.11,193.24,,_FRAME_9303392c-1ba1-5e76-9736-3558de09a0d3,green,"
"449e5bd2-7768-5033-956e-a3181f54a05f,3be93189-ba32-59ef-8f4a-a9120284cfeb,116,2026-06-22T10:37:15.808,red,0.7333,""[316,341,51,71]"",False,151.66,117.07,34.6,186.77,,_FRAME_61ac38dd-3400-5537-a418-a662b406e168,red,"
"eaaef0d6-90c1-5110-908b-a5f67487b06f,3be93189-ba32-59ef-8f4a-a9120284cfeb,117,2026-06-22T10:37:25.219,red,0.7959,""[280,182,44,165]"",False,98.55,78.58,19.97,123.52,,_FRAME_7ec8cff7-02bd-5ecb-92f4-834023bf2892,red,"
"1fb0cb5a-a19a-50d3-879d-e5f5ade6fd9a,3be93189-ba32-59ef-8f4a-a9120284cfeb,118,2026-06-22T10:37:44.907,red,0.7574,""[79,364,42,58]"",False,165.2,138.12,27.08,206.04,,_FRAME_d0f878ae-eb5d-5023-86b2-f3cb2a92b9a6,red,"
"acc251b1-1c75-56a0-adea-b434ad7385d9,3be93189-ba32-59ef-8f4a-a9120284cfeb,119,2026-06-22T10:38:08.633,red,0.8672,""[153,356,20,65]"",False,106.32,87.27,19.05,144.85,,_FRAME_224594e3-ecde-55a6-9f4c-84f67c42e2d6,red,"
"12b96a50-a1bb-5f42-926a-5af64d986ce7,3be93189-ba32-59ef-8f4a-a9120284cfeb,120,2026-06-22T10:38:18.636,green,0.453,""[184,285,42,168]"",False,133.55,120.15,13.4,153.37,,_FRAME_af07c445-0ca3-555c-bad0-dd1fc71d508c,red,"
"3f4cb30c-1248-5b4d-bd01-0717bb7b6bd0,3be93189-ba32-59ef-8f4a-a9120284cfeb,121,2026-06-22T10:38:38.624,red,0.7227,""[122,363,61,102]"",False,113.74,100.27,13.47,133.21,,_FRAME_c24e1abf-5830-5c6f-a88c-36c455b6a5db,red,"
"2dc688e9-09fc-5596-9046-8aec0df3c133,3be93189-ba32-59ef-8f4a-a9120284cfeb,122,2026-06-22T10:38:59.000,red,0.8989,""[293,144,56,167]"",False,83.95,63.33,20.62,97.44,,_FRAME_041c9ffa-7691-5b10-be3b-9e4a244ed072,red,"
"e6ed8e38-0afd-54ed-8c37-cecb2a9c3b98,c1fadfb0-e8d7-5d3c-8935-73aa0bf7bf4a,1,2026-06-23T12:18:01.000,green,0.8616,""[398,284,28,132]"",True,128.03,97.25,30.78,215.31,503.08,_FRAME_89a4d995-c1be-5469-838d-845bfc7ce8b0,green,True"
"16e157d9-c3d6-5ab1-8328-5353bacdddf8,c1fadfb0-e8d7-5d3c-8935-73aa0bf7bf4a,2,2026-06-23T12:18:21.953,yellow,0.845,""[456,108,47,85]"",True,142.07,116.2,25.87,246.11,450.92,_FRAME_7f22988e-f389-56c0-9045-a769da1a8b5d,yellow,True"
"b20b9a59-4ae1-5478-a575-52f306abe9bd,c1fadfb0-e8d7-5d3c-8935-73aa0bf7bf4a,3,2026-06-23T12:18:37.848,red,0.9456,""[460,298,39,149]"",True,206.81,183.38,23.44,242.09,471.15,_FRAME_328054e7-10bd-5d17-b038-80d104776831,red,True"
"17bfdef4-2127-50d6-b446-b0425056ed1a,c1fadfb0-e8d7-5d3c-8935-73aa0bf7bf4a,4,2026-06-23T12:18:54.215,red,0.8238,""[316,167,63,127]"",False,185.98,169.68,16.31,203.94,,_FRAME_dafb0221-298b-591d-b3d3-6363e02c578f,red,"
"9855500e-669d-5dbe-9d2a-6990f6176b97,c1fadfb0-e8d7-5d3c-8935-73aa0bf7bf4a,5,2026-06-23T12:19:11.302,red,0.9199,""[14,37,19,65]"",False,199.79,165.29,34.49,212.13,,_FRAME_b321bf2c-62da-57b6-a263-6769eb5f5cf9,red,"
"2921fb13-6018-5585-9e28-17e88984a8db,c1fadfb0-e8d7-5d3c-8935-73aa0bf7bf4a,6,2026-06-23T12:19:30.760,yellow,0.9358,""[441,113,52,145]"",True,417.0,385.41,31.59,507.73,541.21,_FRAME_e30155fd-89f6-53bf-a24b-1cb08f08ebfc,yellow,True"
"4ac9b319-26e9-5c19-8272-d2cbecfa80cc,c1fadfb0-e8d7-5d3c-8935-73aa0bf7bf4a,7,2026-06-23T12:19:47.276,green,0.7903,""[63,30,37,160]"",True,134.26,104.57,29.69,210.08,904.62,_FRAME_c9bc650c-0d49-54c0-aeb4-d5b3368260ae,green,True"
"e3f837f5-ec4c-5d75-ac3a-ef22a860d68c,c1fadfb0-e8d7-5d3c-8935-73aa0bf7bf4a,8,2026-06-23T12:20:05.162,green,0.8956,""[101,134,57,128]"",True,200.45,171.97,28.49,288.29,460.72,_FRAME_23cc8c5a-e5bf-5cae-80ef-df4c4970f327,green,True"
"7b58893d-2966-5fe1-8e80-0489dec4d018,c1fadfb0-e8d7-5d3c-8935-73aa0bf7bf4a,9,2026-06-23T12:20:25.063,green,0.7823,""[368,349,20,75]"",True,158.54,127.51,31.03,202.16,414.98,_FRAME_9e222677-e411-5c45-b0a4-161ecd58ae8d,green,True"
"03ed7795-006a-5fde-955a-a010596182a0,c1fadfb0-e8d7-5d3c-8935-73aa0bf7bf4a,10,2026-06-23T12:20:35.616,green,0.814,""[290,57,27,136]"",False,131.07,119.93,11.14,154.9,,_FRAME_80e16400-f70e-51c9-9e9b-38007de93fbd,green,"
"fa988075-a6a3-5e51-b374-dd76d628eb47,c1fadfb0-e8d7-5d3c-8935-73aa0bf7bf4a,11,2026-06-23T12:20:53.658,green,0.9523,""[170,216,54,138]"",False,103.47,93.89,9.58,119.62,,_FRAME_a93ff68e-3f65-5a1c-90e8-d133b53f68b7,green,"
"98812ba6-9b68-5ce5-b127-a117a987ea4b,c1fadfb0-e8d7-5d3c-8935-73aa0bf7bf4a,12,2026-06-23T12:21:13.220,green,0.726,""[397,93,50,136]"",False,125.35,101.14,24.21,140.04,,_FRAME_62f7b5cd-cd32-532b-a6a3-02cc595452c5,green,"
"18068e75-9eac-526e-8341-82ce541d148e,c1fadfb0-e8d7-5d3c-8935-73aa0bf7bf4a,13,2026-06-23T12:21:24.892,red,0.6341,""[574,32,48,70]"",False,155.72,144.66,11.05,161.25,,_FRAME_d06e5726-ce81-54e8-8a68-75f27db054f6,green,"
"12e75ada-d362-5a59-847e-5bc4d9d623e6,c1fadfb0-e8d7-5d3c-8935-73aa0bf7bf4a,14,2026-06-23T12:21:45.575,yellow,0.574,""[104,98,31,66]"",False,116.0,81.98,34.02,158.84,,_FRAME_9cf4e375-5ecd-5e95-85e2-fdd2ef980cdf,green,"
"02b54ebe-715f-596e-a9cf-e3eb8f071699,c1fadfb0-e8d7-5d3c-8935-73aa0bf7bf4a,15,2026-06-23T12:22:05.392,green,0.5796,""[274,105,47,166]"",True,157.22,150.39,6.83,249.05,529.7,_FRAME_136c8974-30af-5ee5-96a2-564ea56b26db,yellow,False"
"6b144801-e678-542c-94db-dba77e27d78d,c1fadfb0-e8d7-5d3c-8935-73aa0bf7bf4a,16,2026-06-23T12:22:16.982,green,0.7841,""[265,196,42,57]"",True,101.81,79.74,22.07,203.07,667.26,_FRAME_cebb45b3-2c88-5f36-876a-d10a6fe5b6ee,red,False"
"8cdf60a3-50e3-5abc-b8f1-de5bda94f3e6,c1fadfb0-e8d7-5d3c-8935-73aa0bf7bf4a,17,2026-06-23T12:22:33.552,red,0.8982,""[92,84,47,103]"",False,331.67,317.69,13.99,344.24,,_FRAME_96154f84-8ee2-5cc7-b7a1-8f2bb29338c6,red,"
"9b700a34-91e3-5b5e-b0c0-71b8c0fef841,c1fadfb0-e8d7-5d3c-8935-73aa0bf7bf4a,18,2026-06-23T12:22:51.201,green,0.5343,""[451,306,30,137]"",False,113.9,87.24,26.66,154.23,,_FRAME_0cf801f1-a87f-58ba-b7f2-bfec5dbd3a1e,red,"
"ca1e2b11-af3c-5aa0-ad20-02b993eccfc3,c1fadfb0-e8d7-5d3c-8935-73aa0bf7bf4a,19,2026-06-23T12:23:12.548,no_traffic_light,0.488,""[154,4,57,92]"",False,213.18,190.6,22.57,236.87,,_FRAME_9b3e6e6b-a039-5b5c-ac10-6b66f687b59f,red,"
"45c84aa8-ec5c-5628-8055-aea3d3057dab,c1fadfb0-e8d7-5d3c-8935-73aa0bf7bf4a,20,2026-06-23T12:23:28.921,green,0.8591,""[395,271,54,139]"",True,138.27,107.85,30.42,243.96,480.5,_FRAME_a6880711-bc07-5d83-a14b-5eab23893ba4,green,True"
"afd6f620-85da-5eac-b9e7-5a9bb7aee445,c1fadfb0-e8d7-5d3c-8935-73aa0bf7bf4a,21,2026-06-23T12:23:43.393,green,0.9143,""[171,326,54,81]"",False,79.01,63.6,15.41,115.93,,_FRAME_cf2daf2c-7e4d-5376-a149-1ca3b7d05138,green,"
"743a6e40-9c03-5156-a099-8eabfa615d80,c1fadfb0-e8d7-5d3c-8935-73aa0bf7bf4a,22,2026-06-23T12:24:06.915,green,0.9348,""[17,252,42,124]"",False,116.12,100.09,16.02,120.74,,_FRAME_b2bcd47d-b88f-5226-b12a-5895d1ff05ef,green,"
"f6403f11-b160-5390-908e-13389c910007,c1fadfb0-e8d7-5d3c-8935-73aa0bf7bf4a,23,2026-06-23T12:24:18.151,red,0.4691,""[246,37,21,150]"",True,86.52,81.32,5.2,128.44,534.0,_FRAME_f3c2e495-795e-537e-a20d-c9525f65991f,yellow,False"
"476e64cd-dff4-59b8-911e-29097ec319f5,c1fadfb0-e8d7-5d3c-8935-73aa0bf7bf4a,24,2026-06-23T12:24:48.101,no_traffic_light,0.504,""[476,128,33,150]"",True,167.02,161.26,5.76,228.53,470.11,_FRAME_7f1fb96c-e6c3-5394-9f08-5ac3c210a728,green,False"
"60b0057f-c034-51c6-b5db-76e6a411bafe,c1fadfb0-e8d7-5d3c-8935-73aa0bf7bf4a,25,2026-06-23T12:24:53.623,yellow,0.8653,""[466,296,23,165]"",True,135.8,103.5,32.3,144.42,546.74,_FRAME_54d33e0a-2a53-513b-82a1-707d0ea62f34,yellow,True"
"90f0f73a-b3f1-5887-9022-28c59bdd1a4e,c1fadfb0-e8d7-5d3c-8935-73aa0bf7bf4a,26,2026-06-23T12:25:11.459,yellow,0.742,""[231,175,51,139]"",True,154.8,152.26,2.53,180.15,431.83,_FRAME_828f31e6-a64a-5ebb-8574-884a53e902e1,yellow,True"
"15bba161-8859-576e-b2a1-b0670e25255e,c1fadfb0-e8d7-5d3c-8935-73aa0bf7bf4a,27,2026-06-23T12:25:27.710,yellow,0.9542,""[213,396,26,63]"",False,87.45,75.63,11.82,104.99,,_FRAME_64754311-d2ca-5028-8950-ebcaed26188e,yellow,"
"41941d80-49e3-5869-b6c0-3ef23107b2ec,c1fadfb0-e8d7-5d3c-8935-73aa0bf7bf4a,28,2026-06-23T12:25:49.451,yellow,0.5555,""[192,288,23,130]"",True,196.78,187.95,8.84,308.5,608.95,_FRAME_c8b1cc29-b584-58f0-b4d5-8980d79a8d80,green,False"
"c2b704e2-21f7-5052-9b69-a5c2f51dec7e,c1fadfb0-e8d7-5d3c-8935-73aa0bf7bf4a,29,2026-06-23T12:26:03.196,green,0.9541,""[36,183,52,160]"",False,97.82,80.79,17.03,118.52,,_FRAME_0951fb7f-e440-5a6b-9446-6827feb8d17f,green,"
"d0fcfad9-2bb3-5ee1-93b0-0f18a8a75441,c1fadfb0-e8d7-5d3c-8935-73aa0bf7bf4a,30,2026-06-23T12:26:23.240,red,0.6539,""[240,181,30,47]"",True,135.89,101.53,34.36,211.38,391.46,_FRAME_7430bb8b-ad7d-5377-bef7-c7089bc0b0a0,none,False"
"26761484-93d5-5f56-bc4b-523503fbfaa1,c1fadfb0-e8d7-5d3c-8935-73aa0bf7bf4a,31,2026-06-23T12:26:40.405,green,0.9435,""[503,228,29,96]"",True,203.41,176.34,27.07,242.31,1173.09,_FRAME_741b55af-f4cd-58d4-b323-bf73b6811522,green,True"
"60d49e60-c650-550f-8552-61ab475253f3,c1fadfb0-e8d7-5d3c-8935-73aa0bf7bf4a,32,2026-06-23T12:26:53.017,yellow,0.4548,""[583,114,34,48]"",False,184.07,171.07,13.0,223.05,,_FRAME_aec5cbf2-8e49-5137-aebf-3aea83a0fac5,green,"
"40b9745c-f13f-5a39-9ba0-d42e1517e9b3,c1fadfb0-e8d7-5d3c-8935-73aa0bf7bf4a,33,2026-06-23T12:27:08.880,green,0.8919,""[241,348,21,60]"",False,106.51,83.46,23.05,138.54,,_FRAME_a4eb1441-bfd8-5bb4-9e20-a48bf0ffb1e3,green,"
"ab0f15d7-23d1-579c-a74a-e78963cc78aa,c1fadfb0-e8d7-5d3c-8935-73aa0bf7bf4a,34,2026-06-23T12:27:29.452,green,0.821,""[582,114,25,65]"",True,144.31,123.53,20.78,174.47,640.01,_FRAME_537a5b51-fc26-50cd-b8dd-395e83bc22be,green,True"
"1cd51243-e22a-5cba-a68e-7ea975a509dc,c1fadfb0-e8d7-5d3c-8935-73aa0bf7bf4a,35,2026-06-23T12:27:46.480,red,0.8612,""[71,145,20,162]"",True,186.78,156.3,30.48,221.09,409.75,_FRAME_9666c2c0-5aaa-581b-9d85-fcdce7a4f6a3,red,True"
"4cf5ef61-9a4a-5e6a-8039-3079b4f0e988,c1fadfb0-e8d7-5d3c-8935-73aa0bf7bf4a,36,2026-06-23T12:28:05.083,no_traffic_light,0.5885,""[522,368,37,71]"",False,166.4,146.17,20.23,209.2,,_FRAME_cb148c72-7aae-59c0-806e-fcc8542f898a,red,"
"915ca272-ab9d-5df3-a59b-ee3131452dc5,c1fadfb0-e8d7-5d3c-8935-73aa0bf7bf4a,37,2026-06-23T12:28:22.412,red,0.8042,""[7,50,64,82]"",False,119.8,97.07,22.72,152.37,,_FRAME_aa50aa3d-1961-5201-ad3b-5d5b81df37a4,red,"
"719b1c57-a60a-5caf-8727-578bcf7ba132,c1fadfb0-e8d7-5d3c-8935-73aa0bf7bf4a,38,2026-06-23T12:28:40.464,red,0.7857,""[469,269,45,93]"",False,141.84,116.03,25.81,142.69,,_FRAME_46fb3dce-4aee-510b-93f1-763c37a14dc0,red,"
"d66660e6-de16-5983-8f92-416435f9bf32,c1fadfb0-e8d7-5d3c-8935-73aa0bf7bf4a,39,2026-06-23T12:28:56.405,red,0.8125,""[210,28,27,126]"",False,167.99,154.5,13.48,212.08,,_FRAME_12396e91-51ec-5875-87e3-36b3afa74ca8,red,"
"6aab0284-ade6-5b64-9434-f8088c8282ce,c1fadfb0-e8d7-5d3c-8935-73aa0bf7bf4a,40,2026-06-23T12:29:18.654,red,0.8182,""[39,157,59,132]"",False,167.4,153.44,13.96,188.21,,_FRAME_d9dcbe56-9720-5fb6-a339-8ef1cee75e96,red,"
"a567b5f6-1cc3-5312-bab4-1c0345e5038c,c1fadfb0-e8d7-5d3c-8935-73aa0bf7bf4a,41,2026-06-23T12:29:31.224,no_traffic_light,0.7371,""[444,376,48,65]"",False,66.21,63.06,3.15,96.97,,_FRAME_caf657ff-afc5-58e1-8f06-250f3bd86a9c,red,"
"049176e3-7d6a-55a0-8605-ecb6a95c88c1,c1fadfb0-e8d7-5d3c-8935-73aa0bf7bf4a,42,2026-06-23T12:29:48.434,green,0.6136,""[559,332,18,70]"",False,71.89,56.42,15.47,92.44,,_FRAME_a2794165-5c63-5a39-bca4-e9b316e00b84,red,"
"ae1343ca-463c-5e89-b3f3-492d5c0d7b6f,c1fadfb0-e8d7-5d3c-8935-73aa0bf7bf4a,43,2026-06-23T12:30:08.004,red,0.9485,""[179,291,43,144]"",False,203.39,188.86,14.53,236.01,,_FRAME_20fa032d-2e4a-5848-a343-327d87e4fbff,red,"
"e558fb58-3121-51ca-830b-6fac1be00dc1,c1fadfb0-e8d7-5d3c-8935-73aa0bf7bf4a,44,2026-06-23T12:30:22.974,red,0.8922,""[46,377,58,88]"",False,150.58,128.37,22.21,181.58,,_FRAME_c1fbf3eb-f2b2-5c13-be6c-0c67cfbd595a,red,"
"cc7f29af-2284-54bf-bc8d-e5317cdc475c,c1fadfb0-e8d7-5d3c-8935-73aa0bf7bf4a,45,2026-06-23T12:30:37.338,green,0.7483,""[34,89,48,98]"",True,118.65,95.12,23.53,145.33,411.53,_FRAME_279d83f5-0238-54c7-94c1-06e912e66372,green,True"
"75064465-76c2-5b09-bb55-c8ebfae60c37,c1fadfb0-e8d7-5d3c-8935-73aa0bf7bf4a,46,2026-06-23T12:30:57.087,green,0.7621,""[178,417,35,63]"",False,218.39,199.13,19.26,218.79,,_FRAME_4a30b2b0-d460-5e5d-9c23-b52bee97dc1a,green,"
"43db1bf5-8af4-5b7b-88d7-3e98ef78b2f4,c1fadfb0-e8d7-5d3c-8935-73aa0bf7bf4a,47,2026-06-23T12:31:15.920,green,0.9213,""[191,45,40,55]"",False,113.25,87.27,25.98,153.09,,_FRAME_7f35d655-5dc5-52c1-a406-2ec7a829c4f6,green,"
"83b8d7d9-c33c-53dc-9a1d-4b8cc657c097,c1fadfb0-e8d7-5d3c-8935-73aa0bf7bf4a,48,2026-06-23T12:31:37.177,green,0.8011,""[260,124,31,127]"",True,134.11,105.89,28.22,185.89,418.38,_FRAME_a0449bd3-e6d0-5896-a55a-30ce2f6752f9,green,True"
"fa0b5ce8-9ee9-5a29-81f1-5fd861e0095b,c1fadfb0-e8d7-5d3c-8935-73aa0bf7bf4a,49,2026-06-23T12:31:51.885,no_traffic_light,0.5997,""[66,208,59,126]"",False,169.79,148.09,21.7,202.02,,_FRAME_38047666-3c66-591c-9fee-4fd5120456f6,green,"
"5f6782d2-7a75-51dc-bb86-737643391d3a,c1fadfb0-e8d7-5d3c-8935-73aa0bf7bf4a,50,2026-06-23T12:32:08.507,red,0.9537,""[173,83,28,152]"",True,116.74,111.71,5.03,211.88,1209.92,_FRAME_42e2b85d-ab29-5277-98a1-5f30271b7c6c,red,True"
"8ddfac06-be77-5355-b473-bad0ae3b6cc1,c1fadfb0-e8d7-5d3c-8935-73aa0bf7bf4a,51,2026-06-23T12:32:22.694,green,0.7729,""[337,169,31,48]"",True,123.68,116.43,7.26,225.52,425.75,_FRAME_5e0998c2-3442-5007-94e1-7978c8711729,green,True"
"6bb9ef00-2151-5dfc-8bbe-3df5ff22de7b,c1fadfb0-e8d7-5d3c-8935-73aa0bf7bf4a,52,2026-06-23T12:32:40.374,yellow,0.9252,""[539,264,40,148]"",True,145.49,136.26,9.23,242.39,1037.35,_FRAME_dd1db6e7-62eb-5505-a197-9b0d9722931a,yellow,True"
"7118a4ea-0091-57ba-9272-74b551be6e76,c1fadfb0-e8d7-5d3c-8935-73aa0bf7bf4a,53,2026-06-23T12:32:59.193,red,0.8934,""[564,21,54,135]"",True,65.5,59.68,5.82,88.76,567.86,_FRAME_a3c0c209-a382-5de4-9ce3-41c1d023942a,red,True"
"48da150f-b432-5415-a77b-fa0a902aacd3,c1fadfb0-e8d7-5d3c-8935-73aa0bf7bf4a,54,2026-06-23T12:33:15.950,red,0.881,""[526,86,32,105]"",False,173.03,154.17,18.86,178.52,,_FRAME_3048cdeb-5594-581b-8a50-8292b9c8f10d,red,"
"b91d1a2a-6a8f-5217-bb43-4cfb334121be,c1fadfb0-e8d7-5d3c-8935-73aa0bf7bf4a,55,2026-06-23T12:33:35.024,green,0.6113,""[376,228,19,142]"",True,167.85,155.14,12.72,221.77,444.07,_FRAME_01975370-c601-56df-afc5-1fa158a6bbc0,none,False"
"a1c01053-c41e-5bd9-b9cc-cf1c8e8402d5,c1fadfb0-e8d7-5d3c-8935-73aa0bf7bf4a,56,2026-06-23T12:33:52.997,red,0.7352,""[454,85,19,119]"",True,162.62,152.37,10.25,263.21,466.08,_FRAME_d0a27ff4-12fe-5f5e-882f-509fe2598638,red,True"
"50bc96cd-eff5-502b-bbce-5b0a4d256b8d,c1fadfb0-e8d7-5d3c-8935-73aa0bf7bf4a,57,2026-06-23T12:34:11.223,red,0.8783,""[294,423,28,46]"",False,200.54,167.98,32.56,221.45,,_FRAME_9b63da94-b54d-59a5-85a7-dd6172058ae5,red,"
"faaf43e3-594e-5de0-b6af-f1a5c51062a3,c1fadfb0-e8d7-5d3c-8935-73aa0bf7bf4a,58,2026-06-23T12:34:22.191,red,0.9401,""[360,207,23,97]"",False,215.04,196.83,18.21,225.6,,_FRAME_ef80df51-b923-5691-b811-ec3f79f27b59,red,"
"9f7dbcc1-4095-5ce4-89fa-b30557e4b8d0,c1fadfb0-e8d7-5d3c-8935-73aa0bf7bf4a,59,2026-06-23T12:34:39.257,red,0.8797,""[506,220,62,77]"",False,161.9,152.91,8.99,167.95,,_FRAME_d44cabfa-f12c-5288-9a85-5a8f7a77d9bb,red,"
"0b900858-23e6-54f9-99c4-2b3844f62fc7,c1fadfb0-e8d7-5d3c-8935-73aa0bf7bf4a,60,2026-06-23T12:35:04.025,red,0.8491,""[35,75,37,65]"",False,197.41,165.95,31.46,240.26,,_FRAME_e82eef1c-0c40-5a04-8c21-f9a3d02b027e,red,"
"61de9605-99cb-5cce-9014-ddc8a2095aad,c1fadfb0-e8d7-5d3c-8935-73aa0bf7bf4a,61,2026-06-23T12:35:14.775,green,0.5768,""[256,183,46,55]"",False,93.75,90.42,3.34,113.34,,_FRAME_a01227f3-2a08-519e-b829-a3cca517ce60,red,"
"d0fef8b1-a101-5a9b-bff5-a4f684c6bed4,c1fadfb0-e8d7-5d3c-8935-73aa0bf7bf4a,62,2026-06-23T12:35:32.894,red,0.7269,""[195,87,38,67]"",False,208.32,186.86,21.46,220.39,,_FRAME_5a931585-e078-5956-be19-dee729bd1342,red,"
"248ff819-b063-5357-89dd-6a60a648377e,c1fadfb0-e8d7-5d3c-8935-73aa0bf7bf4a,63,2026-06-23T12:35:57.617,red,0.8639,""[486,127,45,131]"",False,96.55,94.18,2.37,106.47,,_FRAME_924347c6-42bd-536c-aa0d-537a4464fe28,red,"
"37f3687e-1985-5515-b0b6-af4b9c187508,c1fadfb0-e8d7-5d3c-8935-73aa0bf7bf4a,64,2026-06-23T12:36:07.452,red,0.769,""[320,112,62,68]"",True,105.63,84.75,20.89,148.4,488.28,_FRAME_aef8eeba-50fb-5571-9aab-123eb85208a7,red,True"
"f29d7bf6-ccd8-5937-b2d5-688cfef66bfd,c1fadfb0-e8d7-5d3c-8935-73aa0bf7bf4a,65,2026-06-23T12:36:21.665,red,0.9592,""[71,28,57,88]"",True,184.26,162.4,21.86,207.68,473.18,_FRAME_3a0aea32-db6f-524f-b70e-4f4313251dfc,red,True"
"6ccceb9b-cffd-5308-994d-9d1225be2ec7,c1fadfb0-e8d7-5d3c-8935-73aa0bf7bf4a,66,2026-06-23T12:36:39.230,no_traffic_light,0.5648,""[174,339,63,75]"",True,155.91,141.23,14.68,216.76,486.96,_FRAME_a96400b9-dcfc-58f3-854f-111250595a7f,wrong,False"
"cc8d5c19-a24f-50f3-8a6d-e8f88f5328d1,c1fadfb0-e8d7-5d3c-8935-73aa0bf7bf4a,67,2026-06-23T12:36:57.942,yellow,0.7419,""[226,29,27,121]"",False,109.22,80.52,28.7,113.23,,_FRAME_c5f5e903-59bb-5017-a643-85bc51bc6eed,yellow,"
"e0ad48d1-574c-532a-a256-6accd9fdacaf,c1fadfb0-e8d7-5d3c-8935-73aa0bf7bf4a,68,2026-06-23T12:37:17.598,green,0.9515,""[46,66,63,63]"",True,88.89,62.73,26.16,173.42,509.59,_FRAME_d7f4a752-128f-5f3c-bf4b-33d10e499086,green,True"
"b594196f-08f2-5332-a32b-90c62748187d,c1fadfb0-e8d7-5d3c-8935-73aa0bf7bf4a,69,2026-06-23T12:37:34.231,green,0.87,""[241,15,47,72]"",True,197.62,178.03,19.59,265.01,523.48,_FRAME_3146dc18-7e35-5cc4-85aa-8aebd455924f,green,True"
"64d6f6ac-e91a-56b1-9b48-9d271a50cbdb,c1fadfb0-e8d7-5d3c-8935-73aa0bf7bf4a,70,2026-06-23T12:37:53.614,green,0.8987,""[346,25,25,93]"",True,171.31,159.44,11.87,229.34,466.34,_FRAME_42ceb8af-a928-5d42-b61d-c0904d47f25e,green,True"
"02fe8c8f-9c0e-514f-bab6-339186e71ef5,c1fadfb0-e8d7-5d3c-8935-73aa0bf7bf4a,71,2026-06-23T12:38:10.764,green,0.843,""[526,107,44,77]"",True,109.15,100.03,9.12,160.22,481.39,_FRAME_95a2151b-b4a1-5e59-b7b9-1455d820b240,green,True"
"df1b8032-ddaf-5c16-ba69-061a20c85afa,c1fadfb0-e8d7-5d3c-8935-73aa0bf7bf4a,72,2026-06-23T12:38:23.730,green,0.8675,""[121,39,21,149]"",False,142.88,122.07,20.8,161.9,,_FRAME_1e4d2987-0fe3-5f04-889f-4a733efef01e,green,"
"35d6ec54-2fe4-5009-8ad7-54bf9e1aab23,c1fadfb0-e8d7-5d3c-8935-73aa0bf7bf4a,73,2026-06-23T12:38:43.462,green,0.857,""[368,235,48,116]"",False,123.25,107.0,16.26,132.78,,_FRAME_69637a2e-5786-5790-9ef0-9c320bd9bb5c,green,"
"5f177f9a-9d55-502f-bfdc-f5639e62ee55,c1fadfb0-e8d7-5d3c-8935-73aa0bf7bf4a,74,2026-06-23T12:39:06.591,red,0.7963,""[205,167,36,48]"",False,107.73,97.74,9.99,119.36,,_FRAME_5e773eb9-007c-539c-b579-778bdf0888ba,green,"
"1765365a-b6a3-5e77-965b-0fa424c70b21,c1fadfb0-e8d7-5d3c-8935-73aa0bf7bf4a,75,2026-06-23T12:39:21.448,yellow,0.8819,""[217,155,49,59]"",True,92.04,74.82,17.21,154.46,942.43,_FRAME_d41ab148-ab3b-5bf1-92c8-cf45fc3226b9,yellow,True"
"3055f3c2-4f15-52b8-9f2d-1080f82ea0a8,c1fadfb0-e8d7-5d3c-8935-73aa0bf7bf4a,76,2026-06-23T12:39:32.733,green,0.7152,""[557,158,41,51]"",False,234.51,200.82,33.69,262.75,,_FRAME_75a41291-23fd-5145-90ed-aaedd7187757,yellow,"
"dc122559-9bc5-57e2-9993-9011edcda404,c1fadfb0-e8d7-5d3c-8935-73aa0bf7bf4a,77,2026-06-23T12:39:52.297,red,0.9389,""[239,83,58,147]"",True,197.52,170.8,26.73,287.44,472.48,_FRAME_480cc16c-c954-5c27-9c49-24a4d5116a5e,red,True"
"23069709-d593-553d-a6f3-6fde09a52156,c1fadfb0-e8d7-5d3c-8935-73aa0bf7bf4a,78,2026-06-23T12:40:11.619,red,0.8303,""[443,330,27,141]"",False,194.52,166.24,28.27,236.72,,_FRAME_773f0390-2088-5364-8f22-395668341049,red,"
"d9919ef9-9399-547a-bba5-917934fc17db,c1fadfb0-e8d7-5d3c-8935-73aa0bf7bf4a,79,2026-06-23T12:40:28.046,red,0.8308,""[525,239,30,52]"",False,179.38,159.46,19.92,197.11,,_FRAME_a92e9952-4697-5b1b-a921-a6d928a0e03e,red,"
"8d64115e-546b-50b4-b6e5-c719492ed2af,c1fadfb0-e8d7-5d3c-8935-73aa0bf7bf4a,80,2026-06-23T12:40:43.306,red,0.8259,""[64,265,53,80]"",False,186.36,169.24,17.12,200.2,,_FRAME_6836e09b-c263-576e-bfef-b30b0940e256,red,"
"f6590c23-b687-5599-a1d1-a09f64365235,c1fadfb0-e8d7-5d3c-8935-73aa0bf7bf4a,81,2026-06-23T12:40:57.024,red,0.8894,""[26,207,60,128]"",False,107.48,81.19,26.29,138.17,,_FRAME_99ff6b33-7131-58f3-ad48-5b8250221ba4,red,"
"9f04625f-ede5-5baf-a145-47831dba9a34,c1fadfb0-e8d7-5d3c-8935-73aa0bf7bf4a,82,2026-06-23T12:41:25.408,red,0.7328,""[159,311,36,100]"",False,199.01,167.08,31.94,236.41,,_FRAME_7545b6cd-700d-5882-ac47-5118ba855181,red,"
"9ffd2506-1b0d-57cd-b8fc-05dcec4d835b,c1fadfb0-e8d7-5d3c-8935-73aa0bf7bf4a,83,2026-06-23T12:41:37.587,red,0.7568,""[277,252,26,154]"",False,91.48,86.97,4.51,132.44,,_FRAME_c01cb771-5b2b-5e20-8afd-5b5d42fb459a,red,"
"3a406f5b-34b7-5e0a-8123-aff62999a3e8,c1fadfb0-e8d7-5d3c-8935-73aa0bf7bf4a,84,2026-06-23T12:41:49.760,red,0.7293,""[111,34,33,118]"",False,205.41,170.66,34.75,245.56,,_FRAME_a4c13f4c-a45e-57f9-8d06-93dd45d45662,red,"
"3c5a470c-dfcb-51b6-a1b4-99c360a3f177,c1fadfb0-e8d7-5d3c-8935-73aa0bf7bf4a,85,2026-06-23T12:42:09.883,red,0.7863,""[615,172,20,155]"",False,207.32,194.83,12.49,212.51,,_FRAME_e74eaae1-fa5c-5848-963c-d2db61be3f54,red,"
"17ad1253-80c7-5680-a086-94a4dd3e9c13,c1fadfb0-e8d7-5d3c-8935-73aa0bf7bf4a,86,2026-06-23T12:42:28.063,green,0.4674,""[577,202,34,58]"",False,87.33,55.36,31.98,124.28,,_FRAME_5f15aedb-844f-5aba-b51d-3a18dea4863b,none,"
"538523c8-0a6c-5ec3-86f5-b7b43bc9f1e5,c1fadfb0-e8d7-5d3c-8935-73aa0bf7bf4a,87,2026-06-23T12:42:42.524,red,0.8861,""[311,292,62,107]"",False,229.13,206.0,23.12,232.07,,_FRAME_2d55b1e3-8dad-505a-8a18-36e3f42a3077,red,"
"728c0d90-6d62-54fe-9f9d-b381825b6439,c1fadfb0-e8d7-5d3c-8935-73aa0bf7bf4a,88,2026-06-23T12:43:02.704,yellow,0.9584,""[109,264,20,156]"",True,99.41,89.51,9.91,132.88,499.12,_FRAME_c4da5fce-d021-571d-a08a-8e09bd34dd35,yellow,True"
"16b24413-8b34-50b3-8927-ed8989e576ca,c1fadfb0-e8d7-5d3c-8935-73aa0bf7bf4a,89,2026-06-23T12:43:19.401,red,0.8459,""[604,332,29,55]"",True,101.67,90.25,11.41,147.19,575.59,_FRAME_a04575c4-7a21-509f-822d-6e1fa2f95d86,red,True"
"1dcfd7b4-6ffd-512a-9b1a-639e6df35601,c1fadfb0-e8d7-5d3c-8935-73aa0bf7bf4a,90,2026-06-23T12:43:36.835,red,0.7926,""[178,318,57,133]"",True,108.23,91.08,17.15,131.53,418.41,_FRAME_0d53a498-e313-52a1-83bd-f24b9b453b12,red,True"
"dad917f1-24ba-55a1-bd7c-a291f36b6485,c1fadfb0-e8d7-5d3c-8935-73aa0bf7bf4a,91,2026-06-23T12:43:51.967,green,0.8902,""[179,115,31,137]"",True,144.28,112.35,31.93,238.91,406.18,_FRAME_f068bacb-6990-57af-927c-fb67899899ba,green,True"
"3c7c5ec3-210c-5f54-a77b-f4c360f57cc8,c1fadfb0-e8d7-5d3c-8935-73aa0bf7bf4a,92,2026-06-23T12:44:12.069,red,0.7387,""[588,338,38,140]"",True,368.5,342.98,25.52,397.65,526.15,_FRAME_5e322392-53ad-5f35-a5df-f5eef4b14359,yellow,False"
"cc460378-3aff-594e-b906-599587d20224,c1fadfb0-e8d7-5d3c-8935-73aa0bf7bf4a,93,2026-06-23T12:44:21.799,yellow,0.8117,""[139,95,21,104]"",False,146.19,121.08,25.1,157.51,,_FRAME_030af85f-1a4e-5a16-8c95-d2ebf4e57df3,red,"
"9c3b9583-c1e9-5908-82f0-bc20cf7d3e6a,c1fadfb0-e8d7-5d3c-8935-73aa0bf7bf4a,94,2026-06-23T12:44:51.861,red,0.8187,""[164,172,28,94]"",True,83.76,67.76,16.0,102.0,436.19,_FRAME_227d4c54-c6ce-5713-9584-67d9633845ef,red,True"
"ebbbd31e-f467-57bb-ba94-a97ad01e29c1,c1fadfb0-e8d7-5d3c-8935-73aa0bf7bf4a,95,2026-06-23T12:45:01.707,red,0.847,""[192,91,57,92]"",True,207.23,182.36,24.87,321.54,465.11,_FRAME_f5e983ea-bd9e-516d-b059-75694c3842ab,red,True"
"e3e64e9f-7bac-5866-9d4f-8bad7585cb35,c1fadfb0-e8d7-5d3c-8935-73aa0bf7bf4a,96,2026-06-23T12:45:18.740,red,0.7205,""[432,292,59,121]"",False,123.0,89.64,33.36,130.57,,_FRAME_efca2f26-a7ef-5090-97e8-1036c65863bb,red,"
"3788f19a-95b6-5633-8def-d2cefda317c2,c1fadfb0-e8d7-5d3c-8935-73aa0bf7bf4a,97,2026-06-23T12:45:32.588,red,0.8973,""[397,256,54,125]"",False,88.85,79.32,9.53,112.64,,_FRAME_bbaabe81-4866-571b-96bb-c9588d1a6223,red,"
"2f784b77-c850-56d1-9ff4-9c85093bb057,c1fadfb0-e8d7-5d3c-8935-73aa0bf7bf4a,98,2026-06-23T12:45:54.180,red,0.9447,""[405,264,64,133]"",False,162.69,136.51,26.18,183.41,,_FRAME_bb803a38-8b72-5cbb-b559-7885373cea41,red,"
"7ce169cc-8ade-5a31-9166-afa41a3980ef,c1fadfb0-e8d7-5d3c-8935-73aa0bf7bf4a,99,2026-06-23T12:46:12.233,yellow,0.9104,""[559,290,39,152]"",True,412.26,382.85,29.41,518.78,668.04,_FRAME_8677d64f-2b67-576d-a544-786b3d8bc956,yellow,True"
"dcbb5a83-5a27-5cc5-83e9-304c29f64caf,c1fadfb0-e8d7-5d3c-8935-73aa0bf7bf4a,100,2026-06-23T12:46:26.014,red,0.8569,""[53,269,53,143]"",True,192.91,169.5,23.4,215.05,459.58,_FRAME_ffca7b57-b353-593f-a6b3-ad8faa7cf9ec,red,True"
"9a1b48da-1543-51ff-8cd2-0907ccfe89e6,c1fadfb0-e8d7-5d3c-8935-73aa0bf7bf4a,101,2026-06-23T12:46:44.196,red,0.8443,""[479,209,58,117]"",False,181.75,165.39,16.36,203.0,,_FRAME_3b80612d-de3e-5ee6-977b-05f4ea473aff,red,"
"8b787b44-dd62-53a9-a1b3-b40f667cb4eb,c1fadfb0-e8d7-5d3c-8935-73aa0bf7bf4a,102,2026-06-23T12:47:07.116,no_traffic_light,0.5842,""[559,198,51,73]"",False,93.85,61.91,31.94,132.62,,_FRAME_c140c949-0687-5c5d-b007-85977c2a67d9,none,"
"9fe18a81-8a18-52ca-9fd2-2da2c30a6bb0,c1fadfb0-e8d7-5d3c-8935-73aa0bf7bf4a,103,2026-06-23T12:47:25.641,red,0.8078,""[476,105,62,133]"",False,168.6,140.33,28.27,210.11,,_FRAME_5defac2e-9817-5692-9329-19c9301a51da,red,"
"f2a6609a-9933-5c5c-aac8-6edd4f564cde,c1fadfb0-e8d7-5d3c-8935-73aa0bf7bf4a,104,2026-06-23T12:47:38.070,red,0.8382,""[6,141,50,84]"",True,173.45,163.66,9.79,240.72,475.22,_FRAME_19ab2c97-6c58-5e57-8909-f82f04704310,red,True"
"1ca8c015-ff0f-5460-a487-64967c0e54df,c1fadfb0-e8d7-5d3c-8935-73aa0bf7bf4a,105,2026-06-23T12:47:56.714,yellow,0.8855,""[66,154,56,145]"",True,190.63,181.62,9.0,222.19,422.96,_FRAME_8ce43218-5b5b-5c2d-9174-65ec8924ca65,yellow,True"
"639ca6f6-cb71-5639-86b8-fada8f29f27b,c1fadfb0-e8d7-5d3c-8935-73aa0bf7bf4a,106,2026-06-23T12:48:14.978,green,0.927,""[365,315,47,49]"",True,138.98,113.87,25.11,237.89,486.78,_FRAME_dd06da7a-8e17-5c0d-b8e9-278245139a81,green,True"
"2cd75a51-8819-5b21-981d-90573c4bf419,c1fadfb0-e8d7-5d3c-8935-73aa0bf7bf4a,107,2026-06-23T12:48:28.093,red,0.8729,""[129,181,26,128]"",True,152.85,141.98,10.87,193.58,577.03,_FRAME_ed8a76ba-2184-558f-a7f2-4de28d7f95bc,red,True"
"3352389f-1ff6-5bca-b7fc-d91da80d54e1,c1fadfb0-e8d7-5d3c-8935-73aa0bf7bf4a,108,2026-06-23T12:48:48.361,red,0.8296,""[205,390,59,89]"",False,142.05,115.12,26.94,158.81,,_FRAME_4b0ca1ff-f5dd-55b1-8764-137bdc6562e3,red,"
"d4f1b3c3-67f6-5f16-8ed0-b97f1e1364c5,c1fadfb0-e8d7-5d3c-8935-73aa0bf7bf4a,109,2026-06-23T12:49:01.158,red,0.9099,""[406,211,37,81]"",False,148.92,146.54,2.38,190.24,,_FRAME_e8fc91ba-c9c5-5189-80b4-d1dd590187a0,red,"
"8f1b965a-36f1-5ad2-ba7b-48148e00dcd0,c1fadfb0-e8d7-5d3c-8935-73aa0bf7bf4a,110,2026-06-23T12:49:20.603,no_traffic_light,0.4636,""[560,138,38,46]"",False,171.62,150.57,21.05,211.03,,_FRAME_310e4e4f-6954-5a26-a426-8a114b6fe296,green,"
"76b04e14-24f5-55bf-9192-834667445e82,c1fadfb0-e8d7-5d3c-8935-73aa0bf7bf4a,111,2026-06-23T12:49:41.660,no_traffic_light,0.5228,""[217,332,56,104]"",False,117.03,98.73,18.3,149.99,,_FRAME_366ae336-41c7-5202-b71a-5e4db56dd5ef,green,"
"09a55295-f46c-50d4-8e5f-05f73922883b,c1fadfb0-e8d7-5d3c-8935-73aa0bf7bf4a,112,2026-06-23T12:49:52.300,yellow,0.6138,""[359,50,27,160]"",False,101.78,83.05,18.73,127.3,,_FRAME_40be6d1c-7def-5275-9461-56df4144c8cf,green,"
"41218598-ba2e-5e8c-9fb0-b5212a48207b,c1fadfb0-e8d7-5d3c-8935-73aa0bf7bf4a,113,2026-06-23T12:50:14.712,green,0.763,""[151,182,28,86]"",False,79.15,59.9,19.25,90.83,,_FRAME_a0209973-ea1a-5138-ae90-0c0ede098d96,green,"
"5e75087a-c52a-560c-93ad-290170d5bf54,c1fadfb0-e8d7-5d3c-8935-73aa0bf7bf4a,114,2026-06-23T12:50:33.164,green,0.7941,""[471,260,60,132]"",False,142.65,136.07,6.58,165.29,,_FRAME_6f557f85-76f6-5261-8232-2664ca550964,green,"
"3e040373-4faa-555e-95d6-a03d21176b4c,c1fadfb0-e8d7-5d3c-8935-73aa0bf7bf4a,115,2026-06-23T12:50:47.210,yellow,0.9488,""[141,375,20,101]"",False,223.61,199.46,24.14,244.31,,_FRAME_45916d58-aae1-5291-b3b2-7bb3d0c82099,yellow,"
"901a09dc-aa8c-5d8a-8b6f-3c3a5c961b88,c1fadfb0-e8d7-5d3c-8935-73aa0bf7bf4a,116,2026-06-23T12:51:02.213,yellow,0.8787,""[32,231,61,136]"",False,145.76,121.33,24.43,168.16,,_FRAME_e2d9eb9e-8361-54ff-b282-d928eb1b4776,yellow,"
"177504c7-73de-55b7-acdc-f447fb78242e,c1fadfb0-e8d7-5d3c-8935-73aa0bf7bf4a,117,2026-06-23T12:51:22.720,green,0.7273,""[454,395,34,49]"",False,154.13,141.2,12.93,184.52,,_FRAME_15c58291-47a7-508f-a416-1af1878f9f01,green,"
"5e75eae9-985d-5d36-8336-b4ef55f8794a,c1fadfb0-e8d7-5d3c-8935-73aa0bf7bf4a,118,2026-06-23T12:51:36.539,green,0.9374,""[274,310,44,112]"",False,106.55,77.62,28.93,141.6,,_FRAME_1b21e0f8-4f44-5b0c-baa6-c3cbc8d1e393,green,"
"94750d55-f33b-5cde-8e02-b3d7949f3613,c1fadfb0-e8d7-5d3c-8935-73aa0bf7bf4a,119,2026-06-23T12:51:57.419,green,0.9085,""[572,261,61,132]"",False,227.27,207.25,20.02,239.24,,_FRAME_2ea64796-128f-525a-adea-0e660f9c399e,green,"
"88cdf45b-9428-5765-bf10-ac7b9a7c4d7f,c1fadfb0-e8d7-5d3c-8935-73aa0bf7bf4a,120,2026-06-23T12:52:14.993,yellow,0.8536,""[569,268,23,68]"",False,119.92,94.14,25.78,148.54,,_FRAME_52e005e9-9546-54e9-b003-231676dbb27d,yellow,"
"be8d702e-100e-559f-870b-fbb10ba2052f,c1fadfb0-e8d7-5d3c-8935-73aa0bf7bf4a,121,2026-06-23T12:52:29.471,green,0.9385,""[382,244,38,128]"",False,103.55,72.0,31.54,111.23,,_FRAME_96525aad-c875-5e89-a7fd-f79fe34c6672,green,"
"a724b042-8240-5091-b303-f0b4ca47f6e6,c1fadfb0-e8d7-5d3c-8935-73aa0bf7bf4a,122,2026-06-23T12:52:50.250,green,0.8879,""[436,250,42,72]"",False,143.79,131.12,12.67,162.68,,_FRAME_66968658-2924-537e-96e6-29ab7c491ee2,green,"
"461478ac-9509-5063-b60f-cab0ca7c06ba,c1fadfb0-e8d7-5d3c-8935-73aa0bf7bf4a,123,2026-06-23T12:53:05.255,yellow,0.9133,""[551,175,44,108]"",False,111.57,98.85,12.72,130.64,,_FRAME_7946739d-281d-5e23-b931-8137557ca729,yellow,"
"14004240-6fae-5928-bdbf-1d8c3ec7f948,c1fadfb0-e8d7-5d3c-8935-73aa0bf7bf4a,124,2026-06-23T12:53:23.627,yellow,0.915,""[593,280,35,90]"",False,304.43,277.46,26.97,312.66,,_FRAME_0b8273cb-9060-5f44-b0ce-74e399b14bf1,yellow,"
"2edec03c-5d77-55c1-8259-e64ab4391f73,c1fadfb0-e8d7-5d3c-8935-73aa0bf7bf4a,125,2026-06-23T12:53:46.035,green,0.9208,""[283,190,45,144]"",False,211.46,201.15,10.31,245.33,,_FRAME_88d7353a-632b-5c6c-81af-b4440c06db6a,green,"
"38fd8563-6f46-5d00-8d05-d703bb21576b,c1fadfb0-e8d7-5d3c-8935-73aa0bf7bf4a,126,2026-06-23T12:53:57.056,green,0.7275,""[362,149,43,120]"",False,94.22,70.06,24.16,131.75,,_FRAME_5b58bb09-4f7c-5a06-9597-b70e62eb347e,green,"
"97d99444-ade1-54c2-ad47-4056882a54d3,3514c694-b74b-567a-816d-579be7c78030,1,2026-06-24T17:42:01.000,red,0.8173,""[301,343,64,123]"",True,204.92,190.57,14.35,233.24,598.31,_FRAME_65ec9978-82c1-5120-b530-48b735004343,red,True"
"0e1bde51-1a17-531d-afca-dde6e6a6b0f3,3514c694-b74b-567a-816d-579be7c78030,2,2026-06-24T17:42:16.563,red,0.9604,""[295,335,31,115]"",False,105.29,74.97,30.32,144.48,,_FRAME_f6a63b06-599a-596c-81bf-690544052374,red,"
"9a7a7ee7-95f6-5a38-bd66-9e7a68e9c5a6,3514c694-b74b-567a-816d-579be7c78030,3,2026-06-24T17:42:42.936,red,0.9067,""[465,133,39,148]"",False,110.3,80.71,29.59,134.2,,_FRAME_ac0894a2-850a-5c75-8b30-8f5e5fab743e,red,"
"3fd98ee4-4cd0-5b0e-ad93-0a0f92f27242,3514c694-b74b-567a-816d-579be7c78030,4,2026-06-24T17:42:53.742,red,0.7852,""[308,244,25,61]"",True,79.31,72.1,7.21,160.85,400.06,_FRAME_1cefe0bd-da86-55ed-b520-613490a4e862,red,True"
"644cba08-3ed4-5afa-b546-8b9bc3c76870,3514c694-b74b-567a-816d-579be7c78030,5,2026-06-24T17:43:03.469,red,0.8909,""[316,310,19,156]"",True,204.71,197.82,6.89,248.7,464.81,_FRAME_1029d946-3d4c-57d6-bb00-4bdf27c36ea1,red,True"
"762b04aa-4ad0-5520-8dec-0710f9e075d0,3514c694-b74b-567a-816d-579be7c78030,6,2026-06-24T17:43:28.837,red,0.9667,""[611,302,22,70]"",False,110.64,84.74,25.89,113.93,,_FRAME_4b861b69-a50e-5a40-8d97-95f5d204ca90,red,"
"58751238-82cd-578d-91f6-594fbd5e9653,3514c694-b74b-567a-816d-579be7c78030,7,2026-06-24T17:43:45.881,red,0.736,""[305,169,18,160]"",False,95.44,62.05,33.38,121.35,,_FRAME_ae4b3a58-2260-56a3-9006-61214cd664f9,red,"
"61c54c3d-2d29-575e-ad3c-fb325799c7ff,3514c694-b74b-567a-816d-579be7c78030,8,2026-06-24T17:44:01.844,red,0.8147,""[268,202,37,89]"",False,189.72,161.2,28.52,198.13,,_FRAME_c0e555c1-7f0d-55e6-a1d7-66104e2b88cf,red,"
"13f12795-1201-507e-b12c-4d88f47cb532,3514c694-b74b-567a-816d-579be7c78030,9,2026-06-24T17:44:23.750,red,0.8799,""[247,69,49,74]"",False,139.32,120.67,18.65,184.05,,_FRAME_40d13d12-5372-5be5-be5b-05521c09a02f,red,"
"386e8d7a-2db2-57c3-a8a1-8eb42e5dfd09,3514c694-b74b-567a-816d-579be7c78030,10,2026-06-24T17:44:36.500,red,0.8098,""[311,195,20,164]"",False,107.72,89.28,18.45,149.9,,_FRAME_e515f140-2ad1-58b1-8f7f-aaf5bd630fc0,red,"
"c685b759-1d65-5c66-a5c2-ad93f42262f4,3514c694-b74b-567a-816d-579be7c78030,11,2026-06-24T17:44:54.448,red,0.9407,""[254,223,29,130]"",True,230.5,197.85,32.65,319.86,434.4,_FRAME_164a4695-0f55-56b0-9e95-f35e87bf4f87,red,True"
"d5af981a-7a0d-5334-8d7b-0072094094e2,3514c694-b74b-567a-816d-579be7c78030,12,2026-06-24T17:45:11.567,yellow,0.8923,""[449,293,29,93]"",True,158.18,145.55,12.64,254.25,897.36,_FRAME_c69cb429-b014-5abe-a852-a96f7562ad4c,yellow,True"
"f2e2d762-fefa-58de-a542-0161cb3b54d5,3514c694-b74b-567a-816d-579be7c78030,13,2026-06-24T17:45:25.631,red,0.8101,""[533,196,58,94]"",True,210.36,206.98,3.38,253.59,475.4,_FRAME_d5fcb69f-aaea-595f-bf2b-a9b86cd563bd,red,True"
"256b2741-2fac-5a73-80eb-31105cfc6b8b,3514c694-b74b-567a-816d-579be7c78030,14,2026-06-24T17:45:44.549,yellow,0.8871,""[329,48,46,145]"",True,174.7,149.86,24.84,230.59,407.68,_FRAME_67de7e96-8863-5410-a707-2ad7462d9720,yellow,True"
"eb759614-ffbf-5a08-8d02-be4c8baf612b,3514c694-b74b-567a-816d-579be7c78030,15,2026-06-24T17:46:01.689,green,0.8091,""[96,246,46,130]"",True,158.69,142.14,16.56,223.14,415.42,_FRAME_d7e38cf3-8a7f-5b90-8978-9dcfb72a8d4d,green,True"
"9b508fd2-7fc2-554d-a4de-170b2f0d0811,3514c694-b74b-567a-816d-579be7c78030,16,2026-06-24T17:46:25.284,green,0.8214,""[1,273,62,87]"",False,222.85,200.1,22.75,245.8,,_FRAME_5357c78f-59d1-5f1c-964f-84175860b160,green,"
"07c8906e-dab5-5966-9455-e0b936dafaf4,3514c694-b74b-567a-816d-579be7c78030,17,2026-06-24T17:46:35.227,green,0.734,""[500,177,57,90]"",False,195.2,175.16,20.04,239.87,,_FRAME_4aeb01c7-a2d2-530a-99b6-b054b3ef8cb7,green,"
"97478813-5775-5fa2-b5be-de967a6a3a1b,3514c694-b74b-567a-816d-579be7c78030,18,2026-06-24T17:46:51.701,green,0.9359,""[136,301,56,163]"",False,186.3,175.72,10.58,218.41,,_FRAME_c03ca71a-e927-5dbf-8a21-fa81827d1691,green,"
"d2b0998e-782e-5923-8b28-c92a8359168a,3514c694-b74b-567a-816d-579be7c78030,19,2026-06-24T17:47:14.709,red,0.8876,""[327,301,35,157]"",True,195.52,192.71,2.81,268.39,479.21,_FRAME_a6060ace-81cd-51ca-90ab-a04f3cea55e1,red,True"
"f9df45d2-4019-549c-b0fc-37b45fabefa9,3514c694-b74b-567a-816d-579be7c78030,20,2026-06-24T17:47:28.105,yellow,0.7771,""[547,48,47,74]"",True,127.24,117.21,10.03,160.31,464.73,_FRAME_bd527070-229e-55dc-a30f-bf457d4d3037,none,False"
"cb942361-7c8a-5850-bdfd-1ea54671cca5,3514c694-b74b-567a-816d-579be7c78030,21,2026-06-24T17:47:43.528,red,0.7351,""[405,81,37,159]"",True,147.45,123.97,23.47,237.61,562.35,_FRAME_5b7529a1-9962-565b-9107-98bed25d0570,red,True"
"e40a3c48-1526-51b8-9fd6-aade2326989d,3514c694-b74b-567a-816d-579be7c78030,22,2026-06-24T17:48:00.162,yellow,0.9651,""[207,67,50,85]"",False,357.1,330.4,26.69,359.3,,_FRAME_74115b59-8dd3-550d-97d0-fc6f6584b7f1,yellow,"
"6a30e0e9-6aea-54a9-83ee-530b48a6f8fe,3514c694-b74b-567a-816d-579be7c78030,23,2026-06-24T17:48:20.010,red,0.8293,""[527,315,38,127]"",True,151.18,130.49,20.68,235.75,958.6,_FRAME_76a71f2b-7de5-5b18-936c-3ef06ed36d77,red,True"
"2a2acc5a-230b-5d79-bdbc-a9297418e4b0,3514c694-b74b-567a-816d-579be7c78030,24,2026-06-24T17:48:37.441,red,0.8892,""[505,71,51,74]"",True,223.79,207.88,15.9,234.95,400.28,_FRAME_3faec5c7-3ec5-504e-b56a-9e5d0901ee31,red,True"
"958a46cc-123d-5990-890a-3732204156ec,3514c694-b74b-567a-816d-579be7c78030,25,2026-06-24T17:48:56.670,green,0.9249,""[217,386,19,67]"",True,190.81,173.28,17.53,251.09,628.77,_FRAME_f1effb47-0574-5451-8d58-169e21422a41,green,True"
"ef1c660e-ba94-567c-8acf-fbb11f77512f,3514c694-b74b-567a-816d-579be7c78030,26,2026-06-24T17:49:15.544,green,0.8464,""[518,16,42,62]"",False,160.84,156.17,4.68,165.89,,_FRAME_f2e3021d-0953-5ce8-890b-299e34ba13d9,green,"
"8bab803b-43f3-5c03-b2bf-83a07c5e07d4,3514c694-b74b-567a-816d-579be7c78030,27,2026-06-24T17:49:24.793,green,0.8328,""[187,234,51,60]"",False,135.04,101.58,33.46,137.7,,_FRAME_c3a0fa3e-981f-5f23-bf36-d8b6722bf2ea,green,"
"a44cdf69-b1e4-5ed8-8d4b-8ace0c94b562,3514c694-b74b-567a-816d-579be7c78030,28,2026-06-24T17:49:45.578,green,0.7524,""[464,83,55,132]"",False,78.99,58.47,20.52,81.19,,_FRAME_d39e6b75-79ad-58b6-ab99-b509ba2cc0f0,green,"
"673f4647-0bae-55e0-a132-3dc52dc27a2c,3514c694-b74b-567a-816d-579be7c78030,29,2026-06-24T17:50:01.523,green,0.7751,""[424,276,43,47]"",False,264.09,261.85,2.24,276.56,,_FRAME_94f5b56e-41fa-5e6e-aad6-f6ee3697e11f,green,"
"fc87510a-7ad4-587a-a151-1f66204c5284,3514c694-b74b-567a-816d-579be7c78030,30,2026-06-24T17:50:23.219,green,0.7898,""[449,165,60,80]"",True,164.94,133.11,31.83,184.36,464.59,_FRAME_84cd3e86-d255-58ff-8796-7e30bae9097e,green,True"
"13c5b6a3-5bd6-5adb-904d-b70148a37279,3514c694-b74b-567a-816d-579be7c78030,31,2026-06-24T17:50:46.939,green,0.7529,""[288,281,43,116]"",True,126.48,112.66,13.82,239.94,485.73,_FRAME_5d16c2d8-b890-5a0b-9524-262646b79d79,green,True"
"46dadfbc-cf07-5586-a20f-c42a397c5d5e,3514c694-b74b-567a-816d-579be7c78030,32,2026-06-24T17:50:59.241,red,0.6075,""[574,265,38,167]"",True,183.52,170.66,12.86,275.73,442.79,_FRAME_a6b9b517-464a-5362-a945-8f52a5bc621f,yellow,False"
"f4a9617a-ee2e-594a-8c8b-e9126b77de22,3514c694-b74b-567a-816d-579be7c78030,33,2026-06-24T17:51:05.626,green,0.9548,""[575,110,63,114]"",True,104.33,73.85,30.48,147.32,438.87,_FRAME_50526f04-d08b-5e31-9b70-eea224f1fa9c,green,True"
"6cc8226c-7e38-51cd-b8d3-cf0f858b623a,3514c694-b74b-567a-816d-579be7c78030,34,2026-06-24T17:51:31.632,green,0.863,""[50,97,49,94]"",False,117.73,96.74,20.99,123.18,,_FRAME_84d700e1-122b-56d7-a398-9ca2dda4205b,green,"
"b4427764-5807-5e45-b311-1fe6a0820713,3514c694-b74b-567a-816d-579be7c78030,35,2026-06-24T17:51:44.039,red,0.9422,""[167,167,53,161]"",True,127.9,116.28,11.62,236.85,526.58,_FRAME_d484c60f-072d-53c2-94bf-bbe2c2e7bf36,red,True"
"86b07d1c-a859-5907-8e08-4e20c59885d6,3514c694-b74b-567a-816d-579be7c78030,36,2026-06-24T17:52:01.382,red,0.946,""[440,206,39,82]"",False,165.35,162.14,3.21,188.89,,_FRAME_210fe2e2-c2f4-5b87-8a88-d103608c8ea8,red,"
"9f64459b-439d-5134-b473-0491edc0ae90,3514c694-b74b-567a-816d-579be7c78030,37,2026-06-24T17:52:28.646,green,0.8206,""[61,179,47,127]"",True,108.31,87.51,20.8,136.94,455.91,_FRAME_eb8e3293-d0d7-5c83-af77-1c7618f1c80c,green,True"
"99941b44-01d4-5d7d-adc0-dbf404b4facb,3514c694-b74b-567a-816d-579be7c78030,38,2026-06-24T17:52:39.757,green,0.7316,""[350,154,65,149]"",False,171.42,165.42,6.01,215.4,,_FRAME_5a7c62ea-0406-53e7-806a-e3d4322d563d,green,"
"2cc45a87-4013-5b96-95c1-f1c6c621d3d8,3514c694-b74b-567a-816d-579be7c78030,39,2026-06-24T17:52:54.690,green,0.7643,""[380,205,54,109]"",False,127.2,111.68,15.52,138.64,,_FRAME_695de2fc-cf53-5e21-b370-5552666ff456,green,"
"497ef2db-a61b-5c1c-952a-ac1e9d0ae686,3514c694-b74b-567a-816d-579be7c78030,40,2026-06-24T17:53:10.179,green,0.8924,""[242,339,32,134]"",False,145.43,121.18,24.25,160.51,,_FRAME_d5895077-f925-578e-b20a-5a177f4b7c73,green,"
"293a63e2-1325-5768-8162-4bc5846c39de,3514c694-b74b-567a-816d-579be7c78030,41,2026-06-24T17:53:26.814,green,0.8321,""[111,358,32,55]"",False,141.39,129.92,11.46,172.43,,_FRAME_8b411818-987c-5e85-9930-5a4b2aa56304,green,"
"0ff1cdff-c6d9-5b8d-b340-94be76509b21,3514c694-b74b-567a-816d-579be7c78030,42,2026-06-24T17:53:48.413,green,0.8911,""[38,300,56,83]"",False,173.77,147.68,26.09,194.28,,_FRAME_5ec6a92d-03e9-5958-a309-55aa5696592a,green,"
"352cfc24-5082-59a8-a07a-7a064b887905,3514c694-b74b-567a-816d-579be7c78030,43,2026-06-24T17:54:02.911,green,0.8309,""[213,17,32,116]"",False,79.27,56.37,22.9,112.12,,_FRAME_3f6e02b7-ec4d-52cf-a3fa-495c4c710533,green,"
"311e949b-5f7a-560e-a491-af4a506e0f38,3514c694-b74b-567a-816d-579be7c78030,44,2026-06-24T17:54:20.329,red,0.9328,""[254,286,47,53]"",True,109.29,104.43,4.85,158.58,461.21,_FRAME_d7f1c4f8-bad6-5ba3-98a8-65615eb662d6,red,True"
"5afa1249-a22d-52de-9131-99dba9965711,3514c694-b74b-567a-816d-579be7c78030,45,2026-06-24T17:54:36.644,yellow,0.8946,""[42,65,27,169]"",True,170.04,150.47,19.57,209.12,490.72,_FRAME_c7886ba8-3ff6-5343-9e61-3b309bd89cab,yellow,True"
"7b89780a-1313-5aac-b977-3d3f4f9b4404,3514c694-b74b-567a-816d-579be7c78030,46,2026-06-24T17:54:53.295,red,0.5259,""[490,328,60,126]"",False,105.45,94.81,10.64,131.42,,_FRAME_72d303a8-fadf-504c-b293-05d660e1b759,none,"
"bce1f98f-01ed-561d-afd5-a399c4ffb0bc,3514c694-b74b-567a-816d-579be7c78030,47,2026-06-24T17:55:07.373,green,0.7616,""[288,13,21,141]"",True,62.82,58.41,4.41,154.35,649.09,_FRAME_54c91ff3-f3e1-527a-a41f-5f92673bb188,green,True"
"e72e8679-705e-5b53-b97c-7cbb44845bdf,3514c694-b74b-567a-816d-579be7c78030,48,2026-06-24T17:55:26.848,green,0.7386,""[397,208,45,133]"",False,87.53,69.03,18.5,116.52,,_FRAME_d7cf2ee2-d39a-523b-abea-8abd2883c1ae,green,"
"ae1780d9-e02b-5cfc-aa4b-7c1bfa402637,3514c694-b74b-567a-816d-579be7c78030,49,2026-06-24T17:55:49.343,red,0.9663,""[498,259,65,169]"",True,78.01,65.74,12.28,144.04,403.83,_FRAME_687944f9-ecee-52cd-8126-50431fae118e,red,True"
"c6cdf051-ebe3-5559-900d-74122afb3ffc,3514c694-b74b-567a-816d-579be7c78030,50,2026-06-24T17:56:01.938,green,0.8007,""[481,284,45,58]"",True,179.02,144.71,34.3,274.17,407.58,_FRAME_71bc5893-94cd-5a50-94b2-d5344fbb6a21,green,True"
"f75c328a-fe0e-59c5-9d8b-d337ca9a6fbf,3514c694-b74b-567a-816d-579be7c78030,51,2026-06-24T17:56:25.602,green,0.8933,""[546,136,45,61]"",False,180.1,145.52,34.58,219.75,,_FRAME_41925ad5-bb64-5c74-897c-f10ce382b614,green,"
"b863775a-d6b8-58fd-9ca3-60d780c25d8e,3514c694-b74b-567a-816d-579be7c78030,52,2026-06-24T17:56:43.592,green,0.7935,""[285,56,42,148]"",False,150.61,147.23,3.38,187.07,,_FRAME_180f9bae-0375-5862-b8e8-e427b16102de,green,"
"055da6a7-8a8d-5273-8720-c5b8095a4f6b,3514c694-b74b-567a-816d-579be7c78030,53,2026-06-24T17:57:01.065,yellow,0.792,""[63,20,42,117]"",True,109.07,79.4,29.66,125.84,426.96,_FRAME_0ed2df37-678d-56b9-b67a-331d94f66878,yellow,True"
"0cb8d8f0-489d-5cd7-8eaa-fbf0dd4e9fea,3514c694-b74b-567a-816d-579be7c78030,54,2026-06-24T17:57:13.214,red,0.7255,""[520,313,44,134]"",True,93.44,89.6,3.84,149.37,388.3,_FRAME_a77eda8f-6126-53bf-98fc-71e405c30206,red,True"
"91538b6b-37a5-5b28-b927-3709726c7711,3514c694-b74b-567a-816d-579be7c78030,55,2026-06-24T17:57:31.727,yellow,0.8657,""[586,176,38,111]"",True,177.91,143.19,34.72,242.18,545.46,_FRAME_d56276d9-761f-569a-a574-ccbcbd7ce84c,yellow,True"
"c29f7a82-c8f0-5066-b188-ff2594782c5c,3514c694-b74b-567a-816d-579be7c78030,56,2026-06-24T17:57:46.452,green,0.8844,""[348,399,48,52]"",True,90.3,72.76,17.53,205.24,448.52,_FRAME_11499b85-8367-5ea8-b4d6-623e89f2f14c,green,True"
"3ce55dab-5ed1-5354-a366-578a55dd4be2,3514c694-b74b-567a-816d-579be7c78030,57,2026-06-24T17:58:04.721,green,0.9268,""[28,233,54,150]"",False,209.35,203.66,5.68,209.9,,_FRAME_16ad72de-5c20-588e-bfee-abf414b420a3,green,"
"1a22dfbe-4499-506a-a806-5841d321fd5b,3514c694-b74b-567a-816d-579be7c78030,58,2026-06-24T17:58:21.017,red,0.7288,""[479,71,54,94]"",True,395.48,381.64,13.83,425.32,505.25,_FRAME_8dc230f5-0b41-586a-b622-9fe8b45c8f3b,red,True"
"502902fa-2d6a-5000-8f53-3294f6c34e70,3514c694-b74b-567a-816d-579be7c78030,59,2026-06-24T17:58:39.324,red,0.8474,""[410,25,43,113]"",False,103.51,82.44,21.07,106.98,,_FRAME_cc52c017-37b1-52d0-8f66-bbfd73140618,red,"
"d1bb918f-59ab-532c-b531-dc940683a7cd,3514c694-b74b-567a-816d-579be7c78030,60,2026-06-24T17:58:52.264,green,0.9594,""[473,205,53,162]"",True,111.23,80.16,31.07,138.15,396.62,_FRAME_d100ea05-0ea9-5cb0-bcbf-5a2b04a8d5ac,green,True"
"f89b16f3-7383-5ac0-80bd-3541a54f4ac8,3514c694-b74b-567a-816d-579be7c78030,61,2026-06-24T17:59:13.360,green,0.7494,""[313,362,32,107]"",False,97.08,63.4,33.68,109.89,,_FRAME_d93184f1-aeb8-5226-bbbe-56467704f309,green,"
"a90c804a-e41c-5952-889f-addd05638b8f,3514c694-b74b-567a-816d-579be7c78030,62,2026-06-24T17:59:30.264,yellow,0.7508,""[376,316,56,73]"",True,154.65,148.57,6.07,215.09,476.01,_FRAME_cedcb688-52a6-51c2-b23f-3584b00c610e,yellow,True"
"95be3211-6a2b-55e4-8fc3-9847e4ea7dba,3514c694-b74b-567a-816d-579be7c78030,63,2026-06-24T17:59:55.173,green,0.9148,""[560,31,33,114]"",True,131.39,102.61,28.78,181.85,450.67,_FRAME_a74f5472-9630-58c8-b638-96ab0c80204f,green,True"
"1bd24fcf-bcd3-5a9b-8b42-e5032c5ed8d3,3514c694-b74b-567a-816d-579be7c78030,64,2026-06-24T18:00:06.634,red,0.8107,""[518,32,35,130]"",True,298.08,291.41,6.67,399.77,507.06,_FRAME_7484a9bf-a41d-5396-8ab3-64e883f27a35,red,True"
"ff8ee656-caae-5496-ad20-b1d87d25236a,3514c694-b74b-567a-816d-579be7c78030,65,2026-06-24T18:00:25.459,red,0.7727,""[186,277,62,85]"",False,174.63,152.74,21.89,214.67,,_FRAME_275f5213-bc6e-5c8b-95d3-294d79992493,red,"
"884036aa-7e2b-5b7e-9e9a-65f5a1851dff,3514c694-b74b-567a-816d-579be7c78030,66,2026-06-24T18:00:43.252,red,0.4999,""[610,235,24,160]"",True,93.86,60.71,33.15,136.22,431.28,_FRAME_aa66e51d-2b33-523a-b17c-e389eef5e24b,wrong,False"
"7fc7cf75-c957-5f01-9947-3cb6098f70c6,3514c694-b74b-567a-816d-579be7c78030,67,2026-06-24T18:00:58.206,red,0.8956,""[340,86,43,106]"",True,81.25,70.51,10.74,187.65,447.85,_FRAME_c27c6718-bb15-5501-938d-9bdc45a36118,red,True"
"cf775a88-f6a8-54ce-81fd-cca16b7afb6a,3514c694-b74b-567a-816d-579be7c78030,68,2026-06-24T18:01:15.532,red,0.8213,""[435,64,19,89]"",False,167.82,165.53,2.29,182.71,,_FRAME_c0047da8-7406-52a5-ac5c-61ae477fab84,red,"
"b87c8b3b-5f76-5f8a-965d-4de8c8402de9,3514c694-b74b-567a-816d-579be7c78030,69,2026-06-24T18:01:32.989,yellow,0.9129,""[558,85,34,95]"",True,230.29,206.25,24.03,281.14,660.3,_FRAME_8f94e614-3100-5d5f-b63b-fdef1d79b036,yellow,True"
"5a324625-c8ff-5b78-9183-e9606db9ed20,3514c694-b74b-567a-816d-579be7c78030,70,2026-06-24T18:01:42.487,red,0.7416,""[193,206,54,87]"",True,135.11,109.22,25.89,228.36,394.99,_FRAME_390211c5-f266-5f11-a0c3-8dcf45ffa304,red,True"
"68708f3a-c671-528d-ad5d-35dc61b67298,3514c694-b74b-567a-816d-579be7c78030,71,2026-06-24T18:02:01.788,red,0.7448,""[89,39,46,123]"",False,234.15,207.74,26.41,259.06,,_FRAME_b3e7dc99-adbf-5507-98ce-f38a56eafe5c,red,"
"fef13ced-62c6-5f84-9cab-7282b4084d76,3514c694-b74b-567a-816d-579be7c78030,72,2026-06-24T18:02:24.442,red,0.8401,""[46,118,21,122]"",False,202.35,174.09,28.26,223.99,,_FRAME_383eac6d-b1f4-55da-b819-6301951e70da,red,"
"a0e3d744-05bf-5c61-b736-827b8290fde0,3514c694-b74b-567a-816d-579be7c78030,73,2026-06-24T18:02:34.905,red,0.7726,""[264,40,22,128]"",False,90.25,70.08,20.17,125.84,,_FRAME_50e2b5da-5e9f-5c95-ba35-dddefcf44821,red,"
"7f6df2d6-58bc-53b7-8547-913fe7c09836,3514c694-b74b-567a-816d-579be7c78030,74,2026-06-24T18:02:58.400,red,0.9105,""[338,136,58,65]"",False,163.38,148.22,15.16,193.56,,_FRAME_7ee13636-feeb-5a49-805d-a182b7609616,red,"
"b9cf6c5f-3ef0-5914-bb82-29d844ca583d,3514c694-b74b-567a-816d-579be7c78030,75,2026-06-24T18:03:13.869,red,0.8233,""[419,212,28,135]"",False,142.78,129.12,13.66,165.12,,_FRAME_d97effa4-d256-5036-a1a7-65e09d8dd129,red,"
"8b56b7b1-e588-5427-acf2-8bc07953472b,3514c694-b74b-567a-816d-579be7c78030,76,2026-06-24T18:03:29.084,yellow,0.5452,""[200,284,42,76]"",False,106.86,97.12,9.75,143.6,,_FRAME_fcc9fd26-3ef3-5159-bafd-f0c5ae0eaecf,red,"
"2a83da89-072b-5ee7-adf9-93c9a14c3c93,3514c694-b74b-567a-816d-579be7c78030,77,2026-06-24T18:03:47.497,red,0.9175,""[450,96,36,99]"",False,83.9,71.76,12.14,94.17,,_FRAME_68bafc97-009d-5913-8d7b-5dc381355317,red,"
"0d5e6553-e9ab-5c09-9aa7-e732b3d5869d,3514c694-b74b-567a-816d-579be7c78030,78,2026-06-24T18:04:06.804,red,0.9069,""[94,64,54,129]"",True,196.28,184.64,11.64,223.2,652.09,_FRAME_f031d7d2-687f-5c93-88a8-aff81cdb8725,red,True"
"461e2cb2-a563-5525-b8e8-51958866b7ca,3514c694-b74b-567a-816d-579be7c78030,79,2026-06-24T18:04:16.182,red,0.8845,""[198,184,37,133]"",True,165.42,153.25,12.17,260.56,422.35,_FRAME_1b8e70de-ab34-531b-bc50-2d33792d31fd,red,True"
"16199037-e34d-5ce8-8e93-4ed619b82db6,3514c694-b74b-567a-816d-579be7c78030,80,2026-06-24T18:04:34.458,red,0.7615,""[505,245,21,87]"",False,187.58,171.16,16.41,218.79,,_FRAME_40495680-7195-5758-8b9b-c1f70cbf864c,red,"
"225dc848-235b-5f55-80c7-f249022294bc,3514c694-b74b-567a-816d-579be7c78030,81,2026-06-24T18:04:57.646,red,0.9322,""[113,138,32,142]"",True,176.89,143.46,33.43,188.7,432.25,_FRAME_1a2a5ba4-360b-54b7-ae52-6bc7761e5bf6,red,True"
"f2ab5d34-0e67-56b5-b3fe-00f379cf02dc,3514c694-b74b-567a-816d-579be7c78030,82,2026-06-24T18:05:16.367,red,0.9394,""[315,381,58,94]"",True,195.16,163.34,31.82,251.95,444.09,_FRAME_fcc43b2d-8bec-59d4-8bb4-e088edd5d9c2,red,True"
"c285d193-cc52-53f3-ae25-e18f83d33bae,3514c694-b74b-567a-816d-579be7c78030,83,2026-06-24T18:05:32.462,red,0.8142,""[390,320,53,105]"",False,95.84,86.76,9.08,100.02,,_FRAME_be8f731e-a8a0-5ed2-801d-f378be4e250d,red,"
"6d374d08-6404-5c69-b9ab-6e84510dd7fc,3514c694-b74b-567a-816d-579be7c78030,84,2026-06-24T18:05:46.045,red,0.8021,""[352,170,64,86]"",False,184.59,172.52,12.07,191.69,,_FRAME_f32ac748-89ce-5b79-a9b1-79c43c4a55ab,red,"
"130b0274-2ec2-5c33-bda4-68e5f3bed42e,3514c694-b74b-567a-816d-579be7c78030,85,2026-06-24T18:06:04.048,no_traffic_light,0.5036,""[518,249,58,75]"",True,200.01,171.52,28.49,250.94,654.77,_FRAME_e08420aa-392e-5c44-bde4-4b636673b063,yellow,False"
"312baf10-239d-55e0-83d2-5a17de0f57c9,3514c694-b74b-567a-816d-579be7c78030,86,2026-06-24T18:06:23.005,green,0.7638,""[392,61,34,84]"",False,115.96,91.01,24.96,139.22,,_FRAME_5de3b534-0f6b-540d-92ba-f2a0228c2844,green,"
"cc9ab44e-ba70-54d1-b6bc-521e880cb54b,3514c694-b74b-567a-816d-579be7c78030,87,2026-06-24T18:06:39.729,green,0.7499,""[546,340,39,79]"",True,82.58,56.02,26.55,167.53,430.7,_FRAME_11734f47-9636-5f90-b18c-1cb3e3368886,green,True"
"9e21eeca-db17-5c11-945a-736794d574d3,3514c694-b74b-567a-816d-579be7c78030,88,2026-06-24T18:06:59.146,red,0.6535,""[494,183,19,107]"",False,98.5,73.73,24.76,106.19,,_FRAME_2916985e-e541-5bcd-9d76-2a3347b6041a,green,"
"3aa826a9-6e92-54d8-9773-6ea6cb8e5203,3514c694-b74b-567a-816d-579be7c78030,89,2026-06-24T18:07:12.700,red,0.7006,""[7,375,55,99]"",False,171.82,163.56,8.26,204.54,,_FRAME_af21ea65-13df-5f04-8501-7278790a9802,green,"
"386d6356-5821-5eab-ac43-31acccc4f5f5,3514c694-b74b-567a-816d-579be7c78030,90,2026-06-24T18:07:33.583,green,0.9218,""[462,49,26,102]"",False,66.62,55.17,11.45,80.81,,_FRAME_d549ae6d-55c8-5456-9065-e391f36ab1dc,green,"
"9c5131bf-6377-58a2-aa22-810ef39d30ef,3514c694-b74b-567a-816d-579be7c78030,91,2026-06-24T18:07:48.863,green,0.84,""[472,150,36,108]"",False,137.22,113.82,23.4,175.13,,_FRAME_6ef39c74-cec2-515c-8fb1-24ee7373b365,green,"
"59b93422-33d1-5d3c-888d-e7e152fb927b,3514c694-b74b-567a-816d-579be7c78030,92,2026-06-24T18:08:06.126,yellow,0.9145,""[370,157,61,98]"",False,84.45,60.81,23.64,86.16,,_FRAME_f6cca667-58cc-5103-91e8-f35eca11a87f,yellow,"
"3778c7a0-d2af-54b0-9f87-7d23c6b7e8ba,3514c694-b74b-567a-816d-579be7c78030,93,2026-06-24T18:08:20.206,green,0.7867,""[121,179,44,101]"",False,187.71,174.68,13.03,188.16,,_FRAME_4c963765-de6a-59be-b351-3f4183180b8e,green,"
"e3941c74-5fb9-5981-9881-b4d032a132bb,3514c694-b74b-567a-816d-579be7c78030,94,2026-06-24T18:08:43.069,yellow,0.7408,""[162,56,40,118]"",False,128.11,115.9,12.21,160.1,,_FRAME_9b874100-69cd-5cdd-8c3f-245e0b381f88,yellow,"
"43ea650e-16c2-507d-a7f0-4c94aa065f22,3514c694-b74b-567a-816d-579be7c78030,95,2026-06-24T18:08:55.251,red,0.9455,""[350,90,20,115]"",False,187.19,154.64,32.55,215.11,,_FRAME_c6c37cd7-4386-571f-bc30-48790f21b4d1,red,"
"088daaab-4ff0-52df-aaac-d0270cd527b7,3514c694-b74b-567a-816d-579be7c78030,96,2026-06-24T18:09:16.134,red,0.7864,""[142,353,61,81]"",False,193.95,172.56,21.39,197.32,,_FRAME_0a47cbe0-7e85-581c-b8e0-488c1258db10,red,"
"af896608-1305-5250-ac1d-217045bcd14e,3514c694-b74b-567a-816d-579be7c78030,97,2026-06-24T18:09:29.296,red,0.9462,""[402,332,25,142]"",False,151.78,145.77,6.01,175.68,,_FRAME_0fd96252-fea3-537a-a595-9ebd903de686,red,"
"4d4d339f-8701-5258-96ac-c80000e59ed1,3514c694-b74b-567a-816d-579be7c78030,98,2026-06-24T18:09:49.456,red,0.8915,""[47,316,30,160]"",False,138.05,114.6,23.45,171.98,,_FRAME_fb23888d-3a19-5a00-b277-ef7239fd521f,red,"
"b5beb65e-1934-56b3-a84e-85ddf15f7c54,3514c694-b74b-567a-816d-579be7c78030,99,2026-06-24T18:10:10.575,red,0.9512,""[255,375,27,101]"",False,178.71,175.41,3.31,219.81,,_FRAME_60c8a4c9-6b08-5a6b-82d4-f9bd5a5613cb,red,"
"d9d49b07-8fbe-5794-bc71-fd36f69810b5,3514c694-b74b-567a-816d-579be7c78030,100,2026-06-24T18:10:22.143,red,0.83,""[534,353,53,83]"",False,105.43,83.59,21.84,123.91,,_FRAME_8d58a2c2-a605-5e48-a70e-09b3756b22ee,red,"
"f6b65c09-1e78-5c9e-b8bf-be93869bd568,3514c694-b74b-567a-816d-579be7c78030,101,2026-06-24T18:10:40.509,red,0.8737,""[54,175,34,98]"",False,213.63,193.13,20.5,213.94,,_FRAME_17036898-3ca4-55aa-8b71-37944d5de593,red,"
"f2e37bf8-b8ac-52aa-b01b-cc57a249ddcf,3514c694-b74b-567a-816d-579be7c78030,102,2026-06-24T18:10:59.966,red,0.9064,""[78,289,19,101]"",False,85.85,57.08,28.77,116.48,,_FRAME_f2d4a49b-7224-5348-82b2-8f0d2b80762a,red,"
"b7dea97a-f1cd-5ea2-ae1d-1c795cbea6a3,3514c694-b74b-567a-816d-579be7c78030,103,2026-06-24T18:11:13.122,no_traffic_light,0.6196,""[14,30,56,89]"",False,96.49,85.69,10.81,124.58,,_FRAME_de88f372-70b2-5a00-9da3-eed8c0799567,red,"
"255a9fa4-836a-5e85-868e-359634eb6b9c,3514c694-b74b-567a-816d-579be7c78030,104,2026-06-24T18:11:31.919,red,0.7702,""[138,298,36,112]"",False,191.72,165.08,26.64,210.88,,_FRAME_7d091d95-ee6a-562a-bf65-134cc88dac7a,red,"
"33a1cfb5-0895-5450-b0e3-261f5082f8d3,3514c694-b74b-567a-816d-579be7c78030,105,2026-06-24T18:11:47.722,yellow,0.6859,""[245,180,44,145]"",False,109.0,75.33,33.67,131.36,,_FRAME_b61a55ee-dad7-5339-bf37-a0c6ae89d7c1,none,"
"907b1f0f-9dd1-5d48-a90f-96e368de80cb,3514c694-b74b-567a-816d-579be7c78030,106,2026-06-24T18:12:09.360,red,0.7246,""[588,135,33,136]"",False,166.14,146.58,19.55,182.6,,_FRAME_d6fa4263-be1f-5aa7-895c-293bf6e50eb6,red,"
"8b4b4b03-ab7f-5b6b-bc1f-73cdb134269c,3514c694-b74b-567a-816d-579be7c78030,107,2026-06-24T18:12:25.977,green,0.8119,""[478,226,59,82]"",False,124.14,116.27,7.87,158.82,,_FRAME_19c56601-f268-5699-820f-157e7ee6d58f,green,"
"f3cc8778-7817-55c2-b03e-22eb7be142ea,3514c694-b74b-567a-816d-579be7c78030,108,2026-06-24T18:12:40.792,yellow,0.9028,""[100,7,31,134]"",False,152.0,127.55,24.45,193.69,,_FRAME_b0bbc6ea-24c4-5cb6-ab08-1fe8bb0baa1f,yellow,"
"afbfb9e5-0c12-53cb-bdc1-ba9845c31b1a,3514c694-b74b-567a-816d-579be7c78030,109,2026-06-24T18:12:52.609,red,0.8005,""[565,49,41,64]"",False,146.4,136.77,9.63,158.7,,_FRAME_b7988763-bbdd-5a45-99e9-5f4ad21e1497,red,"
"76be1beb-93fe-58b6-a7c5-40f7dff5c3b4,3514c694-b74b-567a-816d-579be7c78030,110,2026-06-24T18:13:13.973,yellow,0.5299,""[268,107,24,112]"",False,164.88,145.34,19.54,203.69,,_FRAME_3af188f0-1ccc-5d88-877f-bacad252ba80,red,"
"b07e7952-c200-58b1-854b-150a854e26b6,3514c694-b74b-567a-816d-579be7c78030,111,2026-06-24T18:13:36.947,green,0.5796,""[457,219,36,91]"",False,210.09,178.54,31.55,214.51,,_FRAME_e4077487-a5b6-5388-b8f1-379cf718b05f,red,"
"68e36949-276f-5a8c-b278-6e7957ee3ee4,3514c694-b74b-567a-816d-579be7c78030,112,2026-06-24T18:13:49.657,red,0.7679,""[132,171,20,115]"",False,111.55,95.65,15.9,130.74,,_FRAME_038eb79c-ade0-5d4e-937e-48f67c21bd05,red,"
"3d8d44ac-5cc4-5717-b05c-7d4b5738610e,3514c694-b74b-567a-816d-579be7c78030,113,2026-06-24T18:14:03.369,red,0.8394,""[603,122,31,53]"",False,129.59,126.59,3.0,139.23,,_FRAME_989a26d5-8daa-5fad-a594-7395cf39ef2d,red,"
"81277e56-587a-57a9-8b60-d89145c67c56,3514c694-b74b-567a-816d-579be7c78030,114,2026-06-24T18:14:22.941,red,0.8139,""[36,289,65,151]"",False,110.35,94.59,15.76,131.68,,_FRAME_d8f827c3-80a5-5e8d-bd3f-4ff27ddbb336,red,"
"0f337743-8996-5f46-b338-39828b126b24,3514c694-b74b-567a-816d-579be7c78030,115,2026-06-24T18:14:39.450,green,0.9132,""[295,139,46,138]"",False,91.34,88.68,2.65,107.43,,_FRAME_1f3471fc-575f-52b0-abd6-f79001885643,green,"
"b359e663-a3fa-5883-96e2-f1277f51a00f,3514c694-b74b-567a-816d-579be7c78030,116,2026-06-24T18:14:55.512,green,0.694,""[70,204,53,126]"",False,114.19,85.58,28.62,119.39,,_FRAME_2dc68fda-7518-5a2e-bb3b-21bb1fb5d39b,yellow,"
"9f6dcf59-ce18-58b1-a44a-470904d02b4e,33f9c1dd-1bea-55e8-a0fe-b3f6f3efc8a1,1,2026-06-25T20:11:01.000,green,0.8134,""[76,170,63,143]"",True,223.81,205.94,17.88,291.15,891.25,_FRAME_693ee613-3bd7-5d3b-96da-90013ca5cbb1,green,True"
"4bc9b9b0-9219-5025-9879-9c8d5d688b92,33f9c1dd-1bea-55e8-a0fe-b3f6f3efc8a1,2,2026-06-25T20:11:19.108,green,0.9277,""[264,184,24,103]"",True,157.99,128.77,29.22,192.29,474.56,_FRAME_5f616cd8-c4b9-54fe-bd95-8bf8499d0428,green,True"
"77006664-bb11-5283-80f4-37fde1e0796e,33f9c1dd-1bea-55e8-a0fe-b3f6f3efc8a1,3,2026-06-25T20:11:34.067,yellow,0.7893,""[226,132,49,125]"",True,135.37,101.87,33.5,242.97,458.46,_FRAME_5e08148e-60f2-5a7c-8857-0e1668418ae3,yellow,True"
"e9c1b759-7b24-51e2-a0b6-dc5500b13916,33f9c1dd-1bea-55e8-a0fe-b3f6f3efc8a1,4,2026-06-25T20:11:53.505,green,0.7795,""[304,95,36,110]"",False,217.72,187.14,30.58,237.59,,_FRAME_9f02c1be-10da-50ef-ae5f-3d8947355d86,yellow,"
"340af8a0-d9a8-5803-baa4-ebc3e63687b4,33f9c1dd-1bea-55e8-a0fe-b3f6f3efc8a1,5,2026-06-25T20:12:17.871,red,0.6428,""[504,230,38,149]"",True,163.58,151.08,12.5,216.82,951.02,_FRAME_67fde4ba-bdfa-5983-ab5f-12ce7b54fa27,green,False"
"3799a078-aaf2-5f4a-a4d5-6f86e2eaad36,33f9c1dd-1bea-55e8-a0fe-b3f6f3efc8a1,6,2026-06-25T20:12:31.480,red,0.7284,""[36,189,47,112]"",True,203.92,173.9,30.02,315.72,,_FRAME_d1c19276-63a6-5579-8220-e267590a568b,yellow,False"
"6b76e656-07b4-5dca-8370-7a0e2a3f3c52,33f9c1dd-1bea-55e8-a0fe-b3f6f3efc8a1,7,2026-06-25T20:12:50.178,green,0.7928,""[365,2,41,163]"",True,185.18,169.22,15.96,269.54,447.65,_FRAME_37ef04f1-d0e7-526e-ad65-4a32df1e534d,green,True"
"9fe9feaf-4b07-596c-b4b3-3fc2c9eb34a1,33f9c1dd-1bea-55e8-a0fe-b3f6f3efc8a1,8,2026-06-25T20:13:05.820,no_traffic_light,0.4602,""[528,162,49,118]"",False,173.32,145.79,27.53,177.94,,_FRAME_457c8626-be8f-5477-9b5b-25962815f9e9,green,"
"0f7ac036-def2-5809-9ee6-6cd248b3ace6,33f9c1dd-1bea-55e8-a0fe-b3f6f3efc8a1,9,2026-06-25T20:13:29.341,green,0.8272,""[80,105,58,89]"",False,93.16,61.03,32.14,104.02,,_FRAME_03086e97-4faf-5c12-a984-17509a5fabfc,green,"
"484a3737-13ec-5408-8457-50105d569d51,33f9c1dd-1bea-55e8-a0fe-b3f6f3efc8a1,10,2026-06-25T20:13:37.983,green,0.8766,""[301,204,33,60]"",False,127.12,109.86,17.26,149.1,,_FRAME_c6d9d810-4190-5e40-bc69-81fa253c6cfe,green,"
"4d732a74-1efb-563c-b02c-8b4a295a94d9,33f9c1dd-1bea-55e8-a0fe-b3f6f3efc8a1,11,2026-06-25T20:14:03.265,red,0.7225,""[475,350,31,68]"",True,200.1,190.02,10.08,234.03,471.02,_FRAME_b7ac7b63-f130-58c0-afc1-895f793a2889,red,True"
"fb6a9d8c-d3b7-5016-a9d6-b2159aee0b5a,33f9c1dd-1bea-55e8-a0fe-b3f6f3efc8a1,12,2026-06-25T20:14:21.280,green,0.617,""[287,295,45,147]"",False,158.95,130.69,28.25,195.48,,_FRAME_140159cc-fbae-5dd0-8c93-d230efa3a1c4,red,"
"68d4ac7d-506d-5e17-a8fb-bd0b7921f1c9,33f9c1dd-1bea-55e8-a0fe-b3f6f3efc8a1,13,2026-06-25T20:14:40.426,red,0.8071,""[430,104,20,155]"",True,157.8,126.93,30.86,212.87,927.85,_FRAME_fa289184-bcf7-5b03-912e-b22e2fb2d6ee,red,True"
"50e8d28e-bf20-5c0e-8864-e5b1028d4ba1,33f9c1dd-1bea-55e8-a0fe-b3f6f3efc8a1,14,2026-06-25T20:14:52.280,red,0.8915,""[414,112,38,131]"",True,196.77,162.47,34.31,276.11,631.6,_FRAME_048ed8e8-4bfd-5737-9f90-cd17552926ca,red,True"
"ac8df811-e0b7-514c-b32f-8f6da8feb835,33f9c1dd-1bea-55e8-a0fe-b3f6f3efc8a1,15,2026-06-25T20:15:17.350,red,0.7709,""[209,310,32,80]"",False,76.7,72.21,4.49,120.96,,_FRAME_e27e9d14-f76c-500d-8752-b6b0dc83ec48,red,"
"71013a9a-adb3-532e-84a1-05bc92282f13,33f9c1dd-1bea-55e8-a0fe-b3f6f3efc8a1,16,2026-06-25T20:15:28.537,red,0.7254,""[64,169,34,113]"",False,185.36,176.96,8.4,201.74,,_FRAME_cc5a4db6-1ac8-54dd-8211-a4f2c80da3af,red,"
"7ba81f87-fb94-59e1-bc99-f123662a67a3,33f9c1dd-1bea-55e8-a0fe-b3f6f3efc8a1,17,2026-06-25T20:15:53.130,red,0.7318,""[444,150,48,88]"",False,76.87,59.92,16.95,101.61,,_FRAME_720a9398-cfd9-5235-afd3-08209aa87d11,red,"
"4875abfa-f25c-536b-ba73-a0f265003c47,33f9c1dd-1bea-55e8-a0fe-b3f6f3efc8a1,18,2026-06-25T20:16:07.310,green,0.8862,""[127,338,25,119]"",True,75.95,64.3,11.65,134.39,587.14,_FRAME_68244b89-c90f-577e-9702-d254fe022ef0,green,True"
"e0986c78-b3fa-59d4-b672-a410c3ea88d8,33f9c1dd-1bea-55e8-a0fe-b3f6f3efc8a1,19,2026-06-25T20:16:27.470,green,0.8043,""[409,78,59,115]"",False,194.02,187.95,6.08,224.07,,_FRAME_29f940d9-122d-564d-ace9-3e1441e27293,green,"
"cab9cf93-02e1-50c0-b311-5b670c6d6897,33f9c1dd-1bea-55e8-a0fe-b3f6f3efc8a1,20,2026-06-25T20:16:46.942,green,0.7987,""[458,200,63,139]"",False,165.82,139.33,26.5,209.38,,_FRAME_6a201c7d-c2e5-50c5-9cbf-edb90c84d060,green,"
"88fc36ee-9105-5cf5-a8e7-9e87b4e8f469,33f9c1dd-1bea-55e8-a0fe-b3f6f3efc8a1,21,2026-06-25T20:16:59.640,green,0.7263,""[159,135,41,95]"",False,112.58,98.0,14.57,129.68,,_FRAME_a311f826-bce5-5888-9ccc-5db5588b1ae9,green,"
"fbfd198e-28a6-589b-837c-819f7244baca,33f9c1dd-1bea-55e8-a0fe-b3f6f3efc8a1,22,2026-06-25T20:17:22.970,green,0.8103,""[89,172,56,144]"",False,133.92,113.72,20.2,165.34,,_FRAME_5463f6a1-0ecc-5805-9eea-c14811559f62,green,"
"8982bbe5-7be5-5d24-8ecd-841dc0fa9884,33f9c1dd-1bea-55e8-a0fe-b3f6f3efc8a1,23,2026-06-25T20:17:42.240,green,0.9533,""[261,6,45,68]"",False,206.34,179.61,26.73,220.15,,_FRAME_e973ba36-38f7-52b3-81e0-a1e84ee2ece9,green,"
"0a802ab4-b3ee-59cb-aa0f-4e2b9cda5bd0,33f9c1dd-1bea-55e8-a0fe-b3f6f3efc8a1,24,2026-06-25T20:17:56.878,green,0.7886,""[589,360,23,64]"",False,102.07,85.81,16.26,125.85,,_FRAME_400d104e-9c10-54cb-8216-3f1bedd785cd,green,"
"77a30a2e-f9b4-5b7a-b4f0-1ef9cbbcad50,33f9c1dd-1bea-55e8-a0fe-b3f6f3efc8a1,25,2026-06-25T20:18:11.492,green,0.8434,""[577,36,34,143]"",False,223.22,193.41,29.81,232.54,,_FRAME_d2e8ef43-6ff6-54e5-83cd-be5ce68f3861,green,"
"c5c1fca6-efd5-56cd-a6ec-79986ec74063,33f9c1dd-1bea-55e8-a0fe-b3f6f3efc8a1,26,2026-06-25T20:18:31.893,green,0.8607,""[580,169,47,63]"",False,119.99,99.55,20.44,142.98,,_FRAME_944512b2-0c51-520a-997b-9d714071b2d2,green,"
"0a51ba62-738f-526c-8a46-6b5fe2469394,33f9c1dd-1bea-55e8-a0fe-b3f6f3efc8a1,27,2026-06-25T20:18:42.770,green,0.8366,""[332,337,62,80]"",False,88.56,59.55,29.01,102.26,,_FRAME_fe4bc51d-90ca-5dea-a0a4-dc5d13b9c3c1,green,"
"a8337d75-6ffd-505e-8629-f1d6efdaa4c4,33f9c1dd-1bea-55e8-a0fe-b3f6f3efc8a1,28,2026-06-25T20:19:10.122,green,0.7967,""[383,223,22,74]"",False,228.63,207.95,20.67,235.04,,_FRAME_7becb9e5-6314-5da2-89a2-212cd1aa22a8,green,"
"e6da0cec-133c-54f3-9b3e-537ed8cffc78,33f9c1dd-1bea-55e8-a0fe-b3f6f3efc8a1,29,2026-06-25T20:19:24.283,green,0.8826,""[576,190,40,83]"",False,200.83,179.21,21.62,225.88,,_FRAME_d59b406d-d88f-5a60-b7c3-b75cd7f90cab,green,"
"44149583-d8fa-52be-b225-eeefec083168,33f9c1dd-1bea-55e8-a0fe-b3f6f3efc8a1,30,2026-06-25T20:19:41.924,no_traffic_light,0.4707,""[259,209,34,57]"",False,117.15,82.49,34.66,127.44,,_FRAME_899f238c-02e3-5f51-879c-cab9835aa663,green,"
"39dac878-d432-5ce1-8335-0e11c28b4706,33f9c1dd-1bea-55e8-a0fe-b3f6f3efc8a1,31,2026-06-25T20:20:04.453,green,0.9342,""[50,358,53,72]"",True,376.08,349.51,26.58,434.53,516.05,_FRAME_3d65f434-3818-5ac6-8cf1-133708615de9,green,True"
"ef9faba0-f7b7-5c5d-b5e1-589537b58481,33f9c1dd-1bea-55e8-a0fe-b3f6f3efc8a1,32,2026-06-25T20:20:22.569,green,0.9684,""[336,77,56,73]"",True,223.88,198.38,25.51,305.08,561.59,_FRAME_22fc6c9c-7f7c-5117-b559-1538286a9e4c,green,True"
"3fb9b92b-3eae-528b-842d-dcceb6df7ad5,33f9c1dd-1bea-55e8-a0fe-b3f6f3efc8a1,33,2026-06-25T20:20:39.136,red,0.9091,""[612,168,22,142]"",True,199.05,195.48,3.58,214.37,418.72,_FRAME_1d22eca4-80fd-5075-a4d9-567f2e16aa50,red,True"
"1fa5c96c-5102-5cd5-88fa-267bd734bbae,33f9c1dd-1bea-55e8-a0fe-b3f6f3efc8a1,34,2026-06-25T20:20:58.667,yellow,0.7918,""[474,192,23,146]"",True,82.14,61.16,20.98,160.99,457.92,_FRAME_650745e8-9f17-5e5d-aae1-22b3b31bc152,yellow,True"
"4b48d58e-c556-5db9-b979-0004d369fca1,33f9c1dd-1bea-55e8-a0fe-b3f6f3efc8a1,35,2026-06-25T20:21:12.604,yellow,0.7639,""[72,99,32,161]"",False,204.08,194.86,9.22,241.32,,_FRAME_467ccfe8-5fa2-51e0-b871-92bf1ee0df7f,yellow,"
"2aaaac32-63ca-5023-b012-21716b719cb2,33f9c1dd-1bea-55e8-a0fe-b3f6f3efc8a1,36,2026-06-25T20:21:38.552,green,0.7885,""[131,227,41,169]"",False,117.27,100.81,16.47,133.12,,_FRAME_d5bcdf4e-0df6-5d34-b95e-e7953a73de3e,green,"
"316ded8b-e7ec-5b49-a403-aa277922d408,33f9c1dd-1bea-55e8-a0fe-b3f6f3efc8a1,37,2026-06-25T20:21:47.176,green,0.7718,""[342,229,32,72]"",True,129.32,96.56,32.76,158.84,508.16,_FRAME_2ca6e6af-d893-5e0f-bd41-5cd165f02a75,green,True"
"a8d62976-ac15-5600-9456-0bb1469d9d8c,33f9c1dd-1bea-55e8-a0fe-b3f6f3efc8a1,38,2026-06-25T20:22:02.581,yellow,0.9678,""[34,336,27,100]"",True,85.22,71.32,13.9,147.76,395.32,_FRAME_95d3da50-e076-5de9-afd1-d00436b15cb2,yellow,True"
"480f4f85-d0ef-59e5-a524-af25eb8305f9,33f9c1dd-1bea-55e8-a0fe-b3f6f3efc8a1,39,2026-06-25T20:22:28.642,yellow,0.9657,""[438,1,64,156]"",False,173.8,160.64,13.16,175.37,,_FRAME_b5a9fb87-bdc1-5e57-bed6-f15cd5da428f,yellow,"
"382b0831-130b-5d4e-83ef-af55f9f9d612,33f9c1dd-1bea-55e8-a0fe-b3f6f3efc8a1,40,2026-06-25T20:22:45.335,red,0.5357,""[369,330,39,106]"",True,117.98,108.99,8.98,182.1,644.79,_FRAME_4ba95bdb-9b79-51e8-90ab-8f3b64ee98e1,green,False"
"74d641f5-137e-5903-a4e8-d5f36d479a41,33f9c1dd-1bea-55e8-a0fe-b3f6f3efc8a1,41,2026-06-25T20:23:06.523,green,0.9116,""[34,184,43,161]"",True,179.54,160.27,19.27,210.78,455.55,_FRAME_e91e8df0-d894-5b61-bebc-66fbfcfcad64,green,True"
"cf7df781-a29d-5049-8edf-c0e4e4fbf108,33f9c1dd-1bea-55e8-a0fe-b3f6f3efc8a1,42,2026-06-25T20:23:29.621,red,0.6965,""[354,42,64,154]"",False,73.8,66.15,7.65,89.38,,_FRAME_69f9090f-39e9-55ce-9f0f-088f86e6167e,green,"
"6ffac023-7d15-5a11-8b51-cd34c806d9d9,33f9c1dd-1bea-55e8-a0fe-b3f6f3efc8a1,43,2026-06-25T20:23:34.665,green,0.7169,""[483,174,40,54]"",True,300.84,290.36,10.48,365.98,535.78,_FRAME_30e17f25-ab14-5a19-bed1-9bec1ed6a2ca,none,False"
"771d62a1-ee14-5dda-8511-b2c527b54d5a,33f9c1dd-1bea-55e8-a0fe-b3f6f3efc8a1,44,2026-06-25T20:23:56.122,green,0.8837,""[145,117,24,143]"",True,148.8,144.68,4.12,169.4,482.91,_FRAME_bbe26b9a-c8c1-513c-a030-0d513f716bec,green,True"
"18d5b0ac-88b0-5f31-8306-949db92e0340,33f9c1dd-1bea-55e8-a0fe-b3f6f3efc8a1,45,2026-06-25T20:24:17.959,yellow,0.9562,""[175,49,58,99]"",True,202.12,181.64,20.48,221.83,446.89,_FRAME_edafce3a-b613-54ff-a385-3cae4ef9831b,yellow,True"
"01a7369b-4258-5e25-a89a-b4fee5756b47,33f9c1dd-1bea-55e8-a0fe-b3f6f3efc8a1,46,2026-06-25T20:24:30.627,yellow,0.8508,""[595,324,30,72]"",True,97.89,72.06,25.83,119.08,402.58,_FRAME_e7aa4cc1-185d-5000-a0e7-b5b33e016dfc,yellow,True"
"7a8dddc3-3f23-548e-88ac-3cb9350e3b70,33f9c1dd-1bea-55e8-a0fe-b3f6f3efc8a1,47,2026-06-25T20:24:50.830,red,0.9037,""[262,115,32,99]"",True,147.08,143.08,4.0,231.49,539.86,_FRAME_a9765c4a-aef3-5c3f-86d7-9270af75a5a2,red,True"
"785f4f49-d3bd-5ece-8c88-d12bb4ee3e06,33f9c1dd-1bea-55e8-a0fe-b3f6f3efc8a1,48,2026-06-25T20:25:09.570,yellow,0.7638,""[606,318,26,136]"",False,87.69,60.44,27.24,91.16,,_FRAME_111ee061-402e-519f-93e8-81836ec96844,red,"
"98d5d47f-aeb7-56e4-9cbe-0b7c90195730,33f9c1dd-1bea-55e8-a0fe-b3f6f3efc8a1,49,2026-06-25T20:25:29.929,red,0.8223,""[575,359,31,93]"",False,225.34,196.47,28.88,239.73,,_FRAME_7326f0b1-719e-58a8-95dc-cf1ee4f09d8d,red,"
"62ea00c3-3f3a-592e-9631-f00eb2a9c3f2,33f9c1dd-1bea-55e8-a0fe-b3f6f3efc8a1,50,2026-06-25T20:25:42.068,no_traffic_light,0.7949,""[599,179,22,76]"",False,154.4,145.67,8.73,187.49,,_FRAME_fba67f19-129b-5ada-a0ee-b78256eb6a38,red,"
"cd37b76f-2499-530f-a1c5-6f2ba4118f1e,33f9c1dd-1bea-55e8-a0fe-b3f6f3efc8a1,51,2026-06-25T20:25:57.417,green,0.6466,""[157,161,49,165]"",False,101.56,68.97,32.59,121.08,,_FRAME_0612c7c0-a6b2-5817-b93d-a449ae63d4f4,red,"
"64368e80-71a7-56b2-99a0-3ba033aa6d03,33f9c1dd-1bea-55e8-a0fe-b3f6f3efc8a1,52,2026-06-25T20:26:10.191,red,0.9348,""[600,287,27,152]"",False,181.28,171.14,10.14,214.2,,_FRAME_abcfd3f7-f895-58da-9e5f-784190d10b14,red,"
"8ee292de-2637-54b1-b1ac-d9231bc15915,33f9c1dd-1bea-55e8-a0fe-b3f6f3efc8a1,53,2026-06-25T20:26:41.254,yellow,0.8904,""[540,284,63,121]"",True,124.43,115.57,8.86,146.55,482.88,_FRAME_9362c76c-6893-5458-8fdf-cddd7f7a4cda,yellow,True"
"2badcd9b-651f-55c5-8dc1-322325845f71,33f9c1dd-1bea-55e8-a0fe-b3f6f3efc8a1,54,2026-06-25T20:27:04.587,green,0.8529,""[542,23,50,125]"",True,193.23,162.74,30.5,205.24,470.83,_FRAME_4e67b5a7-6510-5e6d-8145-2643d2f6c2b7,green,True"
"e4f1c3d5-cc36-55ed-8d69-d95b495c380d,33f9c1dd-1bea-55e8-a0fe-b3f6f3efc8a1,55,2026-06-25T20:27:12.089,green,0.9184,""[194,189,46,143]"",False,232.81,205.86,26.95,248.72,,_FRAME_512a9d60-d23e-5f6f-ac40-8cedc23cc52d,green,"
"c34dbc6d-8844-5cc8-af08-7edbe3947fa5,33f9c1dd-1bea-55e8-a0fe-b3f6f3efc8a1,56,2026-06-25T20:27:32.025,yellow,0.5117,""[348,189,43,51]"",False,204.24,189.73,14.51,220.37,,_FRAME_0a531293-307c-50c5-8c7a-08c0ca627994,green,"
"91e2bfd7-b013-553b-a9c0-0a480447354f,33f9c1dd-1bea-55e8-a0fe-b3f6f3efc8a1,57,2026-06-25T20:27:51.205,no_traffic_light,0.7587,""[246,203,44,163]"",False,149.43,140.28,9.16,160.28,,_FRAME_8649fc06-9f97-50e9-9168-14a9c3ce22c2,green,"
"ab6cb036-123f-5bcb-b047-212766c65e6a,33f9c1dd-1bea-55e8-a0fe-b3f6f3efc8a1,58,2026-06-25T20:28:11.444,no_traffic_light,0.5772,""[56,397,39,79]"",True,190.21,178.88,11.33,239.05,465.93,_FRAME_53dec9ac-5692-58d5-8cd5-3f797ef1468c,yellow,False"
"7e080192-be97-5588-b08c-3ec745790b80,33f9c1dd-1bea-55e8-a0fe-b3f6f3efc8a1,59,2026-06-25T20:28:30.425,yellow,0.6515,""[214,109,18,117]"",True,195.71,161.48,34.23,283.06,434.11,_FRAME_aad16311-f71b-5a03-be73-ea870c712065,red,False"
"738d6530-0510-5234-9098-f94fc859c2b6,33f9c1dd-1bea-55e8-a0fe-b3f6f3efc8a1,60,2026-06-25T20:28:47.730,red,0.5114,""[168,67,19,70]"",True,143.24,116.91,26.33,214.99,402.13,_FRAME_615b6ca2-28fc-52ac-919c-4cca9052a280,none,True"
"3402cf80-bc6f-5e3a-bc05-96efd30ff2b8,33f9c1dd-1bea-55e8-a0fe-b3f6f3efc8a1,61,2026-06-25T20:28:58.000,red,0.8663,""[450,193,52,107]"",True,148.68,124.09,24.59,249.59,480.5,_FRAME_cbf24c7a-e52d-58b4-b834-85dcaade143e,red,True"
"fd2fcb60-de68-560f-8ca1-b5930d918e8d,33f9c1dd-1bea-55e8-a0fe-b3f6f3efc8a1,62,2026-06-25T20:29:18.297,yellow,0.4704,""[522,275,46,160]"",False,140.46,129.17,11.29,157.98,,_FRAME_378a70d4-b95a-51e4-9f45-a69771e46990,red,"
"4cd0a876-fab7-50b0-92c6-473e21d09b93,33f9c1dd-1bea-55e8-a0fe-b3f6f3efc8a1,63,2026-06-25T20:29:41.229,red,0.9643,""[365,165,47,78]"",False,117.63,115.15,2.48,133.08,,_FRAME_3577c3e9-840c-53e6-ba7e-7b4da863b1bd,red,"
"74155235-a803-576e-a6a1-468585766f43,33f9c1dd-1bea-55e8-a0fe-b3f6f3efc8a1,64,2026-06-25T20:30:02.057,red,0.8286,""[584,262,44,146]"",False,163.0,142.94,20.06,205.01,,_FRAME_135f387f-4a1e-5033-9dbb-50f0ee6e5481,red,"
"354949e0-89d6-5eeb-9068-65087421f6ad,33f9c1dd-1bea-55e8-a0fe-b3f6f3efc8a1,65,2026-06-25T20:30:18.358,red,0.7316,""[352,379,24,90]"",False,155.83,130.02,25.81,199.3,,_FRAME_4a688db9-aa4f-5116-a337-3b562b41a7d5,red,"
"975d58d3-35f2-5c15-a479-815a23537e9f,33f9c1dd-1bea-55e8-a0fe-b3f6f3efc8a1,66,2026-06-25T20:30:32.888,red,0.7787,""[5,281,64,153]"",False,186.07,158.3,27.76,186.25,,_FRAME_a1b41937-3f5f-5a5b-a29f-9c29d39fcd93,red,"
"d297d8e5-4f9d-50bd-b289-73611a614e02,33f9c1dd-1bea-55e8-a0fe-b3f6f3efc8a1,67,2026-06-25T20:30:43.296,red,0.8898,""[50,226,43,167]"",False,76.14,57.56,18.58,109.53,,_FRAME_0fd2e5d9-31de-5739-9bf4-bd63d2371045,red,"
"f4bc07ae-c9b7-5949-85e0-c6c30a9038a6,33f9c1dd-1bea-55e8-a0fe-b3f6f3efc8a1,68,2026-06-25T20:31:05.718,green,0.7183,""[519,244,38,130]"",False,425.25,390.76,34.49,469.39,,_FRAME_caea3ac9-991e-5716-9356-9eec753aeebe,red,"
"6ad89476-1e94-5065-8fc1-466d16f498f9,33f9c1dd-1bea-55e8-a0fe-b3f6f3efc8a1,69,2026-06-25T20:31:29.074,red,0.8152,""[591,252,32,164]"",False,160.53,147.1,13.43,168.87,,_FRAME_cda5076e-6798-5647-a6bb-fe1f6ed7d551,red,"
"d06209d0-8a05-5310-9ccc-8c9b6ff21467,33f9c1dd-1bea-55e8-a0fe-b3f6f3efc8a1,70,2026-06-25T20:31:42.935,yellow,0.9506,""[314,170,63,124]"",True,412.43,379.27,33.16,460.53,524.27,_FRAME_8b96b8c5-19d5-538f-91e1-7e68f08144fc,yellow,True"
"b6a45396-7ecc-5d1b-b7ef-9a813b7aff4c,33f9c1dd-1bea-55e8-a0fe-b3f6f3efc8a1,71,2026-06-25T20:32:00.662,green,0.7283,""[493,270,25,82]"",True,221.12,189.08,32.04,310.66,503.55,_FRAME_31be7812-4955-51d8-912e-5994388c79a5,green,True"
"1759474e-5ba4-5a39-baab-d060a07d47a9,33f9c1dd-1bea-55e8-a0fe-b3f6f3efc8a1,72,2026-06-25T20:32:22.548,red,0.7342,""[71,342,65,84]"",True,155.83,129.75,26.07,173.01,528.28,_FRAME_b16674a0-497f-528c-ad41-060ec52ed26c,green,True"
"790a453a-9037-5061-b9c5-ad4d0ba5ba4d,33f9c1dd-1bea-55e8-a0fe-b3f6f3efc8a1,73,2026-06-25T20:32:34.266,red,0.7547,""[415,155,46,97]"",True,122.01,98.7,23.31,150.52,533.27,_FRAME_d5dc153f-9b1b-52d7-80e9-95a35d25488d,wrong,True"
"28c001f4-6824-5d7d-a4a4-b0523a4afeaa,33f9c1dd-1bea-55e8-a0fe-b3f6f3efc8a1,74,2026-06-25T20:32:55.217,green,0.7389,""[320,260,29,150]"",True,161.71,136.13,25.58,196.97,460.51,_FRAME_65cb9c00-9596-515a-9730-2b3910790135,green,True"
"6436726b-9084-5f6a-9b52-af8473ed2405,33f9c1dd-1bea-55e8-a0fe-b3f6f3efc8a1,75,2026-06-25T20:33:19.859,green,0.9644,""[414,76,44,103]"",False,183.29,155.43,27.86,196.45,,_FRAME_cfc58c89-dbb2-5eb7-9b6e-03e591a25ded,green,"
"8c72997f-bd08-5195-9393-7a0a67e2a9ac,33f9c1dd-1bea-55e8-a0fe-b3f6f3efc8a1,76,2026-06-25T20:33:33.276,green,0.9525,""[568,233,30,71]"",False,135.33,130.67,4.66,159.62,,_FRAME_2d4cb25e-0559-5dfd-bff1-1c63ed7c95b5,green,"
"1ae8ce63-7119-5d2d-a601-d6c0a2c9f08a,33f9c1dd-1bea-55e8-a0fe-b3f6f3efc8a1,77,2026-06-25T20:33:48.729,red,0.6999,""[392,153,18,64]"",False,149.71,122.34,27.38,159.56,,_FRAME_486d6bd9-f0ea-5009-afdf-157e77c9eba7,green,"
"16980c22-3c2d-53f5-a5a9-b486387ebc3c,33f9c1dd-1bea-55e8-a0fe-b3f6f3efc8a1,78,2026-06-25T20:34:14.772,green,0.5841,""[488,42,20,156]"",True,156.62,150.25,6.37,262.19,418.22,_FRAME_2def39d0-9b0f-5d0c-845b-07c61edcc74f,none,True"
"bd4d8feb-621d-5599-9e27-c54650abc6d6,33f9c1dd-1bea-55e8-a0fe-b3f6f3efc8a1,79,2026-06-25T20:34:23.395,green,0.802,""[438,80,39,104]"",True,212.25,189.94,22.31,269.75,410.76,_FRAME_1bc2a871-80b6-5321-afb3-b4a48d402b55,green,True"
"e0ab40a3-7a6e-54b0-aed3-d12f7cf51d8c,33f9c1dd-1bea-55e8-a0fe-b3f6f3efc8a1,80,2026-06-25T20:34:44.552,yellow,0.6415,""[55,77,54,76]"",True,189.27,186.47,2.8,302.27,626.26,_FRAME_076bd9bd-f2f8-5a04-b7ea-5a86f7548f8a,none,True"
"27ba73e6-92ba-59f9-ad76-5ef2560c3833,33f9c1dd-1bea-55e8-a0fe-b3f6f3efc8a1,81,2026-06-25T20:35:04.908,red,0.662,""[356,305,62,91]"",True,180.65,147.6,33.05,261.5,442.16,_FRAME_9af450f1-452e-538a-a2d2-6efb6912b2f2,green,True"
"8904c672-bdd9-5b0d-8d13-6a0deb77fbc0,33f9c1dd-1bea-55e8-a0fe-b3f6f3efc8a1,82,2026-06-25T20:35:26.638,green,0.9525,""[97,279,52,118]"",True,64.6,57.49,7.11,168.69,465.15,_FRAME_e08b7d16-8ccb-524e-b122-6b77d8c38de4,green,True"
"a82adcf1-419a-588b-9b3b-85f752cf58bc,33f9c1dd-1bea-55e8-a0fe-b3f6f3efc8a1,83,2026-06-25T20:35:38.202,green,0.8578,""[319,10,58,110]"",False,178.3,169.31,8.99,194.54,,_FRAME_66236733-27c2-54e1-92fc-c638b1ac5dec,green,"
"ff361798-1c09-5d64-871c-74264208017f,33f9c1dd-1bea-55e8-a0fe-b3f6f3efc8a1,84,2026-06-25T20:35:53.979,green,0.9131,""[236,269,34,124]"",True,322.55,316.14,6.42,333.16,444.08,_FRAME_2184119d-8041-541b-9244-ab7f596b86e6,green,True"
"d2539fc5-3368-59c7-92a0-7df1af0b4830,33f9c1dd-1bea-55e8-a0fe-b3f6f3efc8a1,85,2026-06-25T20:36:18.907,green,0.9306,""[468,113,50,58]"",True,104.8,96.11,8.69,144.68,364.83,_FRAME_d303294d-0201-512a-b2d4-211cebc54176,green,True"
"60230aae-c305-5faa-bf7d-8187b9fc62c6,33f9c1dd-1bea-55e8-a0fe-b3f6f3efc8a1,86,2026-06-25T20:36:28.307,yellow,0.9399,""[316,373,64,65]"",True,165.02,151.83,13.18,248.65,473.61,_FRAME_eb373aaf-0db2-5421-92f9-69d3407c944e,yellow,True"
"7350ff00-c26b-5004-86c5-098b7930f114,33f9c1dd-1bea-55e8-a0fe-b3f6f3efc8a1,87,2026-06-25T20:36:50.459,yellow,0.9017,""[307,205,27,138]"",True,204.24,187.55,16.68,242.74,473.71,_FRAME_4a3dc65c-918b-57b1-9843-d65a0a0d9efb,yellow,True"
"80ada5ae-0680-5c7a-b024-ca5221c73edd,33f9c1dd-1bea-55e8-a0fe-b3f6f3efc8a1,88,2026-06-25T20:37:10.531,green,0.9321,""[549,289,60,156]"",True,63.93,60.67,3.26,132.37,473.47,_FRAME_256af0ea-7eb0-5959-aa8a-d0303730e4a6,green,True"
"869934d2-2513-5afe-bb90-a311e36a6fc4,33f9c1dd-1bea-55e8-a0fe-b3f6f3efc8a1,89,2026-06-25T20:37:28.760,green,0.8781,""[455,33,29,98]"",True,211.36,177.58,33.78,274.87,469.16,_FRAME_97ce55a0-ca8e-5ccf-b57d-9bd0c9c1b125,green,True"
"3b7cc817-2dbe-5aa3-8cc2-5a02710d19f8,33f9c1dd-1bea-55e8-a0fe-b3f6f3efc8a1,90,2026-06-25T20:37:45.013,yellow,0.8577,""[321,226,35,113]"",True,186.19,160.34,25.85,199.02,462.95,_FRAME_e339bd71-67f4-50bf-adec-c49049127445,yellow,True"
"40e56c32-b483-53f2-8c13-e2319fc223c4,33f9c1dd-1bea-55e8-a0fe-b3f6f3efc8a1,91,2026-06-25T20:38:03.203,yellow,0.8375,""[486,61,36,148]"",False,98.1,84.97,13.13,102.61,,_FRAME_fdb54389-a89b-5b8e-89b2-22db9a62fc4b,yellow,"
"c2829777-88dd-59fc-9014-860d79344c53,33f9c1dd-1bea-55e8-a0fe-b3f6f3efc8a1,92,2026-06-25T20:38:21.006,red,0.6708,""[182,190,49,82]"",False,352.83,338.7,14.13,379.35,,_FRAME_192d313f-ece1-5360-a305-a44ee57b0042,yellow,"
"4e6fd741-30b7-554a-ba90-53df5a131af3,33f9c1dd-1bea-55e8-a0fe-b3f6f3efc8a1,93,2026-06-25T20:38:42.918,yellow,0.9219,""[101,5,54,74]"",False,185.8,178.41,7.39,200.62,,_FRAME_d0ae9c25-8bca-59c3-9746-996ac0cc3101,yellow,"
"3111db7e-6353-52ff-ab43-c0835a757ec9,33f9c1dd-1bea-55e8-a0fe-b3f6f3efc8a1,94,2026-06-25T20:38:56.763,red,0.7656,""[546,147,32,84]"",True,195.7,185.5,10.2,249.81,576.3,_FRAME_4e2fcc08-7da2-5464-a4dc-129b8a7a1169,red,True"
"dad652d6-5e53-5562-b2fc-0c7bd6c7ba96,33f9c1dd-1bea-55e8-a0fe-b3f6f3efc8a1,95,2026-06-25T20:39:15.202,red,0.8455,""[417,216,63,126]"",False,238.14,209.19,28.96,241.22,,_FRAME_4db81c15-9ff1-5fe3-a0de-e5d1f740597a,red,"
"ebeeb5b7-8e09-5f48-8bc0-7b73f1a0be53,33f9c1dd-1bea-55e8-a0fe-b3f6f3efc8a1,96,2026-06-25T20:39:38.580,red,0.8833,""[372,32,24,122]"",False,75.91,67.31,8.6,81.98,,_FRAME_17838dff-d592-551a-9d7b-b7905dd7ed42,red,"
"35d12e3f-b6b5-5633-a0a2-24b4733e534f,33f9c1dd-1bea-55e8-a0fe-b3f6f3efc8a1,97,2026-06-25T20:39:53.421,red,0.8512,""[478,312,22,166]"",False,207.73,192.43,15.31,218.13,,_FRAME_8e4ce786-1952-5526-b987-609b825c3ac8,red,"
"6ee8b78c-1ff9-587a-af75-14b47aec6736,33f9c1dd-1bea-55e8-a0fe-b3f6f3efc8a1,98,2026-06-25T20:40:12.616,red,0.7621,""[293,231,47,156]"",False,65.08,60.82,4.26,94.82,,_FRAME_04848684-b33f-54e2-9c77-a81e7d2307fb,red,"
"bc563350-6cb9-5922-a93d-4c1ee64f0bea,33f9c1dd-1bea-55e8-a0fe-b3f6f3efc8a1,99,2026-06-25T20:40:24.002,red,0.8519,""[46,2,65,70]"",True,206.04,182.43,23.61,267.59,530.04,_FRAME_183baa1b-11ea-5bd6-9a45-9c2ece437a43,red,True"
"24272625-41e3-52e1-8bcb-f8aee5e0b9a4,33f9c1dd-1bea-55e8-a0fe-b3f6f3efc8a1,100,2026-06-25T20:40:47.211,red,0.9345,""[238,263,56,140]"",False,301.86,269.66,32.2,307.6,,_FRAME_0a5c9ae1-2d8b-5403-9df2-3f4f21af9ebb,red,"
"1e2bf945-f4d4-55e8-8503-a23c2c829a55,33f9c1dd-1bea-55e8-a0fe-b3f6f3efc8a1,101,2026-06-25T20:41:02.892,red,0.7294,""[128,395,41,82]"",False,288.14,275.58,12.56,306.57,,_FRAME_4e87a34c-39d2-54c3-ab1f-1817a6ab3be4,red,"
"26833dcf-d1f6-5ad0-82ef-ec0ed18a72e8,33f9c1dd-1bea-55e8-a0fe-b3f6f3efc8a1,102,2026-06-25T20:41:24.288,green,0.508,""[304,186,45,103]"",False,166.72,137.01,29.7,172.56,,_FRAME_06ac8aaf-b4ba-54f3-8dd9-11b1a792f9b3,red,"
"b6dc7083-6439-5b9d-a7ae-e34681d26696,33f9c1dd-1bea-55e8-a0fe-b3f6f3efc8a1,103,2026-06-25T20:41:41.796,no_traffic_light,0.5757,""[136,291,38,163]"",False,143.51,110.75,32.76,146.4,,_FRAME_2139753f-9160-5d50-8d69-07b0ce002a19,red,"
"73880a41-5f3b-5869-a373-b2e0ae0cea5e,33f9c1dd-1bea-55e8-a0fe-b3f6f3efc8a1,104,2026-06-25T20:41:54.606,yellow,0.8235,""[263,382,29,70]"",False,192.4,166.15,26.26,235.29,,_FRAME_e4b3bc4c-986f-5019-b222-afb840f17c42,yellow,"
"9a592c5b-f4e0-5a5e-b207-c346794776b7,33f9c1dd-1bea-55e8-a0fe-b3f6f3efc8a1,105,2026-06-25T20:42:12.452,yellow,0.8495,""[221,64,65,150]"",False,214.67,189.2,25.46,249.0,,_FRAME_2db68686-10a3-5675-9453-3bc0649fa96f,yellow,"
"b61f0005-fb42-5d81-9641-7d12de6b4740,33f9c1dd-1bea-55e8-a0fe-b3f6f3efc8a1,106,2026-06-25T20:42:32.882,no_traffic_light,0.7179,""[77,24,62,72]"",False,63.84,58.87,4.96,81.78,,_FRAME_4f3e74f2-0f2b-5ae6-b8ca-415c2384ab2d,red,"
"c4f7de11-166b-536f-8594-654b894a26f0,33f9c1dd-1bea-55e8-a0fe-b3f6f3efc8a1,107,2026-06-25T20:42:47.050,red,0.9194,""[476,11,34,93]"",False,389.5,376.47,13.03,406.43,,_FRAME_f0f379af-f8d5-59d7-85f2-1cc9c66f89dc,red,"
"a676f876-57b4-5a5e-b360-e0683c496d72,33f9c1dd-1bea-55e8-a0fe-b3f6f3efc8a1,108,2026-06-25T20:43:13.195,red,0.9373,""[506,167,50,160]"",False,145.11,133.17,11.94,174.59,,_FRAME_e9b249e9-f465-5b49-8ad4-289691140df5,red,"
"dd366dca-c229-5302-97ce-7753c937b114,33f9c1dd-1bea-55e8-a0fe-b3f6f3efc8a1,109,2026-06-25T20:43:29.497,red,0.7246,""[250,337,64,143]"",False,100.59,86.22,14.37,101.84,,_FRAME_5a8d06a1-4a49-530d-9f36-fe8683912a74,red,"
"20ddfa90-1ee6-5cd1-adfc-102bba0da720,33f9c1dd-1bea-55e8-a0fe-b3f6f3efc8a1,110,2026-06-25T20:43:43.079,no_traffic_light,0.4604,""[237,337,42,66]"",False,113.56,103.51,10.06,125.95,,_FRAME_03d44c03-56c6-5064-ac22-9d060d552168,red,"
"57c9eb58-b290-58dc-a7eb-f9decc2e95e8,33f9c1dd-1bea-55e8-a0fe-b3f6f3efc8a1,111,2026-06-25T20:44:03.246,red,0.9128,""[544,311,43,83]"",False,156.68,145.81,10.87,182.69,,_FRAME_70beafb7-04fe-580e-b6a8-a13e83ddb56b,red,"
"ad3d1df9-4218-5529-8be2-476e65aeb73c,33f9c1dd-1bea-55e8-a0fe-b3f6f3efc8a1,112,2026-06-25T20:44:24.206,red,0.9644,""[361,301,36,107]"",False,109.05,92.61,16.44,127.63,,_FRAME_d9f77ba8-5298-53fb-9698-f566665b8192,red,"
"44081cb2-71a4-5253-bce6-1a6dfb750b2c,33f9c1dd-1bea-55e8-a0fe-b3f6f3efc8a1,113,2026-06-25T20:44:39.395,yellow,0.4571,""[468,299,42,156]"",False,70.18,55.42,14.76,96.1,,_FRAME_1000d70f-1a84-582e-8a94-e291eecbef83,red,"
"f6aae86d-03a3-5bb9-81b6-040d725a4195,33f9c1dd-1bea-55e8-a0fe-b3f6f3efc8a1,114,2026-06-25T20:45:02.145,green,0.7219,""[525,148,19,54]"",False,182.38,174.77,7.61,218.27,,_FRAME_9ba29b05-dd9c-5fd3-a239-7e3c72af1d8d,red,"
"b9e4d0fe-c044-563a-be88-bd9fe136ff16,33f9c1dd-1bea-55e8-a0fe-b3f6f3efc8a1,115,2026-06-25T20:45:11.169,red,0.8654,""[274,161,32,107]"",False,173.0,153.41,19.59,202.05,,_FRAME_b0ece46e-e822-5ebc-af50-4d283980b473,red,"
"dabb4816-b483-5239-8b8d-aca7c618a3ba,33f9c1dd-1bea-55e8-a0fe-b3f6f3efc8a1,116,2026-06-25T20:45:32.336,green,0.7937,""[326,333,29,122]"",False,199.12,165.47,33.65,237.66,,_FRAME_17602d6b-1012-58fd-84e2-6e0ddc1e65c3,green,"
"4eccdd2d-8134-5581-90d4-dd2a3e418656,33f9c1dd-1bea-55e8-a0fe-b3f6f3efc8a1,117,2026-06-25T20:45:52.192,green,0.7908,""[51,281,30,84]"",False,108.2,83.59,24.61,118.09,,_FRAME_e8c411d8-d1c3-5603-9ea5-2f8f0266515e,green,"
"6167cf86-e4a5-59d6-9422-f4e722233f31,33f9c1dd-1bea-55e8-a0fe-b3f6f3efc8a1,118,2026-06-25T20:46:02.858,yellow,0.9127,""[125,286,27,120]"",False,153.98,124.72,29.26,160.79,,_FRAME_72b91dbb-0530-5f49-9e6b-d2f7a65e592a,yellow,"
"6b49091e-dd63-5e08-afe9-3c318dee551e,33f9c1dd-1bea-55e8-a0fe-b3f6f3efc8a1,119,2026-06-25T20:46:27.285,yellow,0.7398,""[145,319,64,78]"",False,104.83,73.26,31.57,142.97,,_FRAME_c848fd6c-95aa-53a0-9338-97eb5d24b350,yellow,"
"7e68d51c-e9b6-5ef4-989c-deeb97727a19,33f9c1dd-1bea-55e8-a0fe-b3f6f3efc8a1,120,2026-06-25T20:46:46.409,red,0.7387,""[290,175,19,162]"",False,137.71,104.8,32.91,158.94,,_FRAME_bf753233-27d6-5859-9bdd-ecc0e24dad14,red,"
"7bda3107-c47a-59a0-aa8e-d12356e0f8fd,33f9c1dd-1bea-55e8-a0fe-b3f6f3efc8a1,121,2026-06-25T20:47:03.774,no_traffic_light,0.5224,""[384,60,53,160]"",False,223.53,195.83,27.7,249.17,,_FRAME_9600b063-3c70-5c57-856d-41cb39425eb9,red,"
"7959f280-448f-5010-8892-9899db94e7e3,33f9c1dd-1bea-55e8-a0fe-b3f6f3efc8a1,122,2026-06-25T20:47:15.623,no_traffic_light,0.6464,""[357,223,35,61]"",False,173.9,168.06,5.84,189.14,,_FRAME_8a044740-703e-5b7b-b983-39ce53bb073a,red,"
"6f6bcfb6-01b0-53f2-aac1-fad32c223246,33f9c1dd-1bea-55e8-a0fe-b3f6f3efc8a1,123,2026-06-25T20:47:42.322,red,0.6692,""[413,262,30,112]"",False,196.28,161.63,34.66,212.81,,_FRAME_94e19d8d-55cb-5cdb-9a52-8429831075a7,yellow,"
"6ab8550c-82fe-5a58-94d0-2e75660f5441,33f9c1dd-1bea-55e8-a0fe-b3f6f3efc8a1,124,2026-06-25T20:47:56.159,red,0.8578,""[383,144,52,85]"",False,142.32,108.52,33.8,168.32,,_FRAME_391fa1ff-ce7c-5a25-bd98-3c6e3ba556e4,red,"
